run_dir,benchmark,parsed_benchmark_name,elapsed_source,benchmark_elapsed_s,compaction_time_source,compaction_time_micros,compaction_time_count,sst_size_mb,input_data_mb,requested_input_sst_count,input_path_component,value_size,key_size,requested_subcompactions,compaction_runs,repeat_index,requested_bg_threads,preload_entries,target_logical_input_bytes,preload_sst_count,preload_sst_bytes,preload_db_bytes,compaction_count,actual_subcompactions_avg,actual_subcompactions_max,total_compaction_wall_s,total_compaction_cpu_s,total_compaction_read_io_s,total_compaction_write_io_s,read_pct,write_pct,compute_pct,cpu_resource_pct,total_input_bytes,total_output_bytes,total_input_records,total_output_records,target_logical_input_records,total_logical_input_bytes,total_logical_output_bytes,input_throughput_mib_per_sec,output_throughput_mib_per_sec,logical_input_throughput_mib_per_sec,logical_target_throughput_mib_per_sec,total_rw_throughput_mib_per_sec,logical_input_throughput_records_per_sec,logical_output_throughput_records_per_sec,logical_target_throughput_records_per_sec,total_rw_throughput_records_per_sec,logical_input_throughput_mrecords_per_sec,logical_output_throughput_mrecords_per_sec,logical_target_throughput_mrecords_per_sec,total_rw_throughput_mrecords_per_sec,avg_device_util_pct,max_device_util_pct,avg_device_queue_depth,avg_device_rkib_per_sec,avg_device_wkib_per_sec,avg_process_cpu_pct,max_process_cpu_pct,avg_system_cpu_busy_pct,avg_system_cpu_iowait_pct,avg_foreground_cpu_pct,avg_compaction_cpu_pct,avg_flush_cpu_pct,avg_background_cpu_pct,max_compaction_cpu_pct,dominant_breakdown
/home/1755_project/presentation/cpu/compaction_parallelism/final-speedup-cpu-8mb-sst_32sst/sst_8MB/input_32sst/value_32/subcomp_1/repeat_01,compactall,compactall,compaction_wall_sum,1.699118,rocksdb.compaction.times.micros,1699118.0,1,8,256,32,input_32sst,32,16,1,5,1,1,5592406,268435456,56,317550352,317843637,1,1.0,1,1.699118,1.423608,0.21702418099999998,0.058485819,12.772755099998939,3.4421281511937374,83.78511674880733,83.78511674880733,317550352.0,309815429.0,5590965.0,5515113.0,5592405.333333333,268366320.0,264725424.0,178.23342161531104,173.8919942368241,150.6276001857793,150.66640456990038,352.1254158521352,3290510.1352584106,3245868.1504168636,3291357.8299643304,6536378.285675274,3.2905101352584105,3.2458681504168636,3.2913578299643302,6.536378285675275,12.4637,57.7297,1.0046,188676.8067,358281.1677,88.355,99.5735,5.8247,0.6593,0.0,88.355,0.0,88.355,99.5735,computation
/home/1755_project/presentation/cpu/compaction_parallelism/final-speedup-cpu-8mb-sst_32sst/sst_8MB/input_32sst/value_32/subcomp_1/repeat_02,compactall,compactall,compaction_wall_sum,1.69253,rocksdb.compaction.times.micros,1692530.0,1,8,256,32,input_32sst,32,16,1,5,2,1,5592406,268435456,56,317550352,317843637,1,1.0,1,1.69253,1.432158,0.201837454,0.058534546,11.925192108854791,3.4584052276769097,84.6164026634683,84.61640266346829,317550352.0,309815429.0,5590965.0,5515113.0,5592405.333333333,268366320.0,264725424.0,178.92717698839255,174.56885104765297,151.21390272105128,151.25285814727064,353.4960280360455,3303318.1095756055,3258502.360371751,3304169.1038465095,6561820.469947357,3.3033181095756055,3.2585023603717507,3.3041691038465095,6.561820469947357,12.4678,50.7838,0.9483,188737.097,358388.7141,88.3802,99.5567,6.0152,0.6214,0.0,88.3802,0.0,88.3802,99.5567,computation
/home/1755_project/presentation/cpu/compaction_parallelism/final-speedup-cpu-8mb-sst_32sst/sst_8MB/input_32sst/value_32/subcomp_1/repeat_03,compactall,compactall,compaction_wall_sum,1.691889,rocksdb.compaction.times.micros,1691889.0,1,8,256,32,input_32sst,32,16,1,5,3,1,5592406,268435456,56,317550352,317843637,1,1.0,1,1.691889,1.429355,0.204142076,0.058391924,12.065926074346486,3.451285752197691,84.48278817345582,84.48278817345583,317550352.0,309815429.0,5590965.0,5515113.0,5592405.333333333,268366320.0,264725424.0,178.99496649494387,174.63498933067365,151.27119259742273,151.3101627825466,353.6299558256175,3304569.6260215654,3259736.8976333556,3305420.9427056583,6564306.523654921,3.3045696260215656,3.2597368976333554,3.3054209427056582,6.564306523654921,11.8835,45.8072,0.9578,188693.6471,358308.7723,88.3815,109.4919,6.007,0.6588,0.0,88.3815,0.0,88.3815,109.4919,computation
/home/1755_project/presentation/cpu/compaction_parallelism/final-speedup-cpu-8mb-sst_32sst/sst_8MB/input_32sst/value_32/subcomp_1/repeat_04,compactall,compactall,compaction_wall_sum,1.710219,rocksdb.compaction.times.micros,1710219.0,1,8,256,32,input_32sst,32,16,1,5,4,1,5592406,268435456,56,317550352,317843637,1,1.0,1,1.710219,1.435076,0.216461883,0.058681117,12.656968668924856,3.4312048340007917,83.91182649707434,83.91182649707436,317550352.0,309815429.0,5590965.0,5515113.0,5592405.333333333,268366320.0,264725424.0,177.07651176145515,172.76326450804493,149.64987920989122,149.68843171547036,349.8397762695001,3269151.494633144,3224799.280092199,3269993.686968355,6493950.774725342,3.2691514946331437,3.2247992800921987,3.269993686968355,6.493950774725342,12.347,57.7071,0.9877,184578.8527,357757.7644,88.376,99.5606,6.0121,0.6239,0.0,88.376,0.0,88.376,99.5606,computation
/home/1755_project/presentation/cpu/compaction_parallelism/final-speedup-cpu-8mb-sst_32sst/sst_8MB/input_32sst/value_32/subcomp_1/repeat_05,compactall,compactall,compaction_wall_sum,1.718192,rocksdb.compaction.times.micros,1718192.0,1,8,256,32,input_32sst,32,16,1,5,5,1,5592406,268435456,56,317550352,317843637,1,1.0,1,1.718192,1.440908,0.21839559399999997,0.058888406000000004,12.710779354111763,3.4273472347677094,83.86187341112053,83.86187341112054,317550352.0,309815429.0,5590965.0,5515113.0,5592405.333333333,268366320.0,264725424.0,176.2548160322968,171.96158372503427,148.9554524595976,148.9938260683323,348.21639975733103,3253981.5107973963,3209835.105739056,3254819.795071408,6463816.616536452,3.2539815107973964,3.209835105739056,3.254819795071408,6.463816616536453,12.5122,55.5304,0.9791,184378.3548,356896.5645,88.938,99.5314,6.1602,0.5878,0.0,88.938,0.0,88.938,99.5314,computation
/home/1755_project/presentation/cpu/compaction_parallelism/final-speedup-cpu-8mb-sst_32sst/sst_8MB/input_32sst/value_32/subcomp_2/repeat_01,compactall,compactall,compaction_wall_sum,0.92764,rocksdb.compaction.times.micros,927640.0,1,8,256,32,input_32sst,32,16,2,5,1,1,5592406,268435456,56,317550352,317843637,1,2.0,2,0.92764,1.485997,0.0,0.060824267999999994,0.0,6.556882842481997,93.443117157518,160.19113017981113,317550352.0,309816287.0,5590965.0,5515113.0,5592405.333333333,268366320.0,264725424.0,326.462436794623,318.51131442827773,275.8980496447554,275.96912595403387,644.9737512229007,6027084.860506231,5945316.070889569,6028637.546174522,11972400.931395799,6.027084860506231,5.945316070889569,6.028637546174521,11.972400931395798,19.1174,64.6729,2.3375,430653.6887,663919.803,159.0904,198.8772,11.1319,1.3898,0.0,159.0904,0.0,159.0904,198.8772,computation
/home/1755_project/presentation/cpu/compaction_parallelism/final-speedup-cpu-8mb-sst_32sst/sst_8MB/input_32sst/value_32/subcomp_2/repeat_02,compactall,compactall,compaction_wall_sum,0.936801,rocksdb.compaction.times.micros,936801.0,1,8,256,32,input_32sst,32,16,2,5,2,1,5592406,268435456,56,317550352,317843637,1,2.0,2,0.936801,1.48294,0.0,0.061879131000000004,0.0,6.605365600591802,93.3946343994082,158.29829387457954,317550352.0,309816287.0,5590965.0,5515113.0,5592405.333333333,268366320.0,264725424.0,323.26995260270223,315.3965844573688,273.20003583734535,273.27041708964873,638.666537060071,5968145.849545421,5887176.678931812,5969683.351462405,11855322.528477233,5.968145849545421,5.887176678931811,5.969683351462405,11.855322528477233,21.3254,71.6294,2.3008,428869.2716,661977.532,159.0843,198.8347,11.3681,1.2513,0.0,159.0843,0.0,159.0843,198.8347,computation
/home/1755_project/presentation/cpu/compaction_parallelism/final-speedup-cpu-8mb-sst_32sst/sst_8MB/input_32sst/value_32/subcomp_2/repeat_03,compactall,compactall,compaction_wall_sum,0.930208,rocksdb.compaction.times.micros,930208.0,1,8,256,32,input_32sst,32,16,2,5,3,1,5592406,268435456,56,317550352,317843637,1,2.0,2,0.930208,1.480075,0.0,0.062611826,0.0,6.73094899205339,93.26905100794662,159.11226306374488,317550352.0,309816287.0,5590965.0,5515113.0,5592405.333333333,268366320.0,264725424.0,325.5611807984494,317.63200888000057,275.13638538096956,275.20726547180846,643.1931896784499,6010446.05077574,5928902.998039148,6011994.449986813,11939349.048814889,6.01044605077574,5.928902998039148,6.011994449986813,11.93934904881489,18.8863,59.6448,2.2886,431553.9512,663972.7659,158.9869,198.8824,11.2818,1.3208,0.0,158.9869,0.0,158.9869,198.8824,computation
/home/1755_project/presentation/cpu/compaction_parallelism/final-speedup-cpu-8mb-sst_32sst/sst_8MB/input_32sst/value_32/subcomp_2/repeat_04,compactall,compactall,compaction_wall_sum,0.931169,rocksdb.compaction.times.micros,931169.0,1,8,256,32,input_32sst,32,16,2,5,4,1,5592406,268435456,56,317550352,317843637,1,2.0,2,0.931169,1.479562,0.0,0.061641271,0.0,6.619772672844563,93.38022732715544,158.89296142805443,317550352.0,309816287.0,5590965.0,5515113.0,5592405.333333333,268366320.0,264725424.0,325.22518991521844,317.30420118823497,274.85243470568815,274.9232416457163,642.5293911034535,6004243.053623993,5922784.156259498,6005789.854831221,11927027.20988349,6.004243053623993,5.922784156259498,6.005789854831221,11.92702720988349,18.7997,66.7223,2.3172,431402.8052,664272.6911,158.0781,198.9754,11.4272,1.3911,0.0,158.0781,0.0,158.0781,198.9754,computation
/home/1755_project/presentation/cpu/compaction_parallelism/final-speedup-cpu-8mb-sst_32sst/sst_8MB/input_32sst/value_32/subcomp_2/repeat_05,compactall,compactall,compaction_wall_sum,0.933437,rocksdb.compaction.times.micros,933437.0,1,8,256,32,input_32sst,32,16,2,5,5,1,5592406,268435456,56,317550352,317843637,1,2.0,2,0.933437,1.490083,0.0,0.062930363,0.0,6.741790072602651,93.25820992739735,159.6340192214365,317550352.0,309816287.0,5590965.0,5515113.0,5592405.333333333,268366320.0,264725424.0,324.4349804734161,316.5332376113734,274.18461746476834,274.2552523630411,640.9682180847894,5989654.363390353,5908393.389162847,5991197.406288087,11898047.752553198,5.989654363390352,5.908393389162847,5.991197406288087,11.898047752553198,19.0156,68.7065,2.2226,430851.3681,662997.794,159.1335,189.0507,11.3029,1.3248,0.0,159.1335,0.0,159.1335,189.0507,computation
/home/1755_project/presentation/cpu/compaction_parallelism/final-speedup-cpu-8mb-sst_32sst/sst_8MB/input_32sst/value_32/subcomp_4/repeat_01,compactall,compactall,compaction_wall_sum,0.537773,rocksdb.compaction.times.micros,537773.0,1,8,256,32,input_32sst,32,16,4,5,1,1,5592406,268435456,56,317550352,317843637,1,4.0,4,0.537773,1.550287,0.0,0.07136047999999999,0.0,13.269628635130434,86.73037136486957,288.27906942148456,317550352.0,309817608.0,5590965.0,5515113.0,5592405.333333333,268366320.0,264725424.0,563.1365183230919,549.4234472909937,475.9146829098169,476.0372871081293,1112.5599656140855,10396514.886392586,10255466.525838971,10399193.215972787,20651981.412231557,10.396514886392586,10.25546652583897,10.399193215972787,20.651981412231557,30.7952,78.4646,6.6765,854906.8997,1167900.5619,300.1234,387.8775,21.2366,3.5103,0.0,300.1234,0.0,300.1234,387.8775,computation
/home/1755_project/presentation/cpu/compaction_parallelism/final-speedup-cpu-8mb-sst_32sst/sst_8MB/input_32sst/value_32/subcomp_4/repeat_02,compactall,compactall,compaction_wall_sum,0.536754,rocksdb.compaction.times.micros,536754.0,1,8,256,32,input_32sst,32,16,4,5,2,1,5592406,268435456,56,317550352,317843637,1,4.0,4,0.536754,1.564157,0.0,0.067415206,0.0,12.559795735103979,87.44020426489602,291.410404021209,317550352.0,309817608.0,5590965.0,5515113.0,5592405.333333333,268366320.0,264725424.0,564.2056041839727,550.4664995883022,476.8181825798428,476.94101953595134,1114.6721037722748,10416252.13785086,10274936.004203044,10418935.552102702,20691188.142053902,10.41625213785086,10.274936004203044,10.418935552102703,20.691188142053903,30.3986,75.6021,7.1701,847016.5585,1165374.3529,319.5097,396.6401,21.2043,3.7603,0.0,319.5097,0.0,319.5097,396.6401,computation
/home/1755_project/presentation/cpu/compaction_parallelism/final-speedup-cpu-8mb-sst_32sst/sst_8MB/input_32sst/value_32/subcomp_4/repeat_03,compactall,compactall,compaction_wall_sum,0.540417,rocksdb.compaction.times.micros,540417.0,1,8,256,32,input_32sst,32,16,4,5,3,1,5592406,268435456,56,317550352,317843637,1,4.0,4,0.540417,1.552531,0.0,0.07103582000000001,0.0,13.144630905393429,86.85536909460657,287.28389373391286,317550352.0,309817608.0,5590965.0,5515113.0,5592405.333333333,268366320.0,264725424.0,560.3813626665409,546.7353830838399,473.5862616691572,473.7082660241998,1107.116745750381,10345649.748249961,10205291.469365323,10348314.974053985,20550941.217615284,10.345649748249961,10.205291469365322,10.348314974053984,20.550941217615286,31.3917,75.4743,6.6045,856339.1732,1167886.4529,298.1315,387.3065,21.0819,3.4256,0.0,298.1315,0.0,298.1315,387.3065,computation
/home/1755_project/presentation/cpu/compaction_parallelism/final-speedup-cpu-8mb-sst_32sst/sst_8MB/input_32sst/value_32/subcomp_4/repeat_04,compactall,compactall,compaction_wall_sum,0.541306,rocksdb.compaction.times.micros,541306.0,1,8,256,32,input_32sst,32,16,4,5,4,1,5592406,268435456,56,317550352,317843637,1,4.0,4,0.541306,1.577177,0.0,0.069813288,0.0,12.89719456277965,87.10280543722035,291.36514282125086,317550352.0,309817608.0,5590965.0,5515113.0,5592405.333333333,268366320.0,264725424.0,559.4610347348156,545.8374662760426,472.8084794413159,472.930283425641,1105.2985010108582,10328658.836222026,10188531.071150145,10331319.684860935,20517189.907372173,10.328658836222026,10.188531071150145,10.331319684860935,20.517189907372174,30.3707,66.5151,6.8616,855805.1737,1164048.3441,301.6464,386.6839,21.1065,3.5149,0.0,301.6464,0.0,301.6464,386.6839,computation
/home/1755_project/presentation/cpu/compaction_parallelism/final-speedup-cpu-8mb-sst_32sst/sst_8MB/input_32sst/value_32/subcomp_4/repeat_05,compactall,compactall,compaction_wall_sum,0.544248,rocksdb.compaction.times.micros,544248.0,1,8,256,32,input_32sst,32,16,4,5,5,1,5592406,268435456,56,317550352,317843637,1,4.0,4,0.544248,1.587439,0.0,0.07136805,0.0,13.11314878511267,86.88685121488733,291.6756699151858,317550352.0,309817608.0,5590965.0,5515113.0,5592405.333333333,268366320.0,264725424.0,556.4367987905589,542.8868742191419,470.2526546215346,470.37380017933003,1099.3236730097008,10272825.991092296,10133455.704017287,10275472.456184192,20406281.695109583,10.272825991092295,10.133455704017287,10.275472456184191,20.406281695109584,29.6626,72.9595,6.6467,851575.7351,1152346.0863,299.687,407.7239,21.0104,3.6142,0.0,299.687,0.0,299.687,407.7239,computation
/home/1755_project/presentation/cpu/compaction_parallelism/final-speedup-cpu-8mb-sst_32sst/sst_8MB/input_32sst/value_32/subcomp_8/repeat_01,compactall,compactall,compaction_wall_sum,0.476611,rocksdb.compaction.times.micros,476611.0,1,8,256,32,input_32sst,32,16,8,5,1,1,5592406,268435456,56,317550352,317843637,1,8.0,8,0.476611,1.896196,0.0,0.08245277000000001,0.0,17.299804242873122,82.70019575712688,397.8498188249957,317550352.0,309819709.0,5590965.0,5515113.0,5592405.333333333,268366320.0,264725424.0,635.4020676571964,619.9334450731483,536.9873267139469,537.1256643258339,1255.3355127303448,11730667.14784174,11571518.492019698,11733689.179085948,23302185.63986144,11.730667147841741,11.571518492019697,11.733689179085948,23.302185639861438,45.869,71.1866,19.114,1998765.5596,1385912.9723,429.0687,795.5598,33.9351,8.8315,0.0,429.0687,0.0,429.0687,795.5598,computation
/home/1755_project/presentation/cpu/compaction_parallelism/final-speedup-cpu-8mb-sst_32sst/sst_8MB/input_32sst/value_32/subcomp_8/repeat_02,compactall,compactall,compaction_wall_sum,0.441732,rocksdb.compaction.times.micros,441732.0,1,8,256,32,input_32sst,32,16,8,5,2,1,5592406,268435456,56,317550352,317843637,1,8.0,8,0.441732,1.901985,0.0,0.079994413,0.0,18.109263761737886,81.89073623826212,430.5744206894678,317550352.0,309819709.0,5590965.0,5515113.0,5592405.333333333,268366320.0,264725424.0,685.5731866112576,668.8831671460484,579.3876530848137,579.5369137848288,1354.456353757306,12656916.41085545,12485201.434353862,12660177.060600845,25142117.84520931,12.65691641085545,12.485201434353861,12.660177060600844,25.142117845209313,46.4954,80.4113,23.0651,1985889.0378,1444233.5533,504.0596,750.6325,34.9272,10.6182,0.0,504.0596,0.0,504.0596,750.6325,computation
/home/1755_project/presentation/cpu/compaction_parallelism/final-speedup-cpu-8mb-sst_32sst/sst_8MB/input_32sst/value_32/subcomp_8/repeat_03,compactall,compactall,compaction_wall_sum,0.430811,rocksdb.compaction.times.micros,430811.0,1,8,256,32,input_32sst,32,16,8,5,3,1,5592406,268435456,56,317550352,317843637,1,8.0,8,0.430811,1.78831,0.0,0.07713160899999999,0.0,17.903816058550035,82.09618394144997,415.10314267741546,317550352.0,309819709.0,5590965.0,5515113.0,5592405.333333333,268366320.0,264725424.0,702.9523732406184,685.83926406187,594.0750509445231,594.2280953828941,1388.7916373024884,12977767.512900088,12801699.585200936,12981110.819671115,25779467.098101024,12.977767512900089,12.801699585200936,12.981110819671114,25.779467098101023,49.337,80.5178,27.7821,2041501.5624,1465397.7757,415.8576,792.7286,32.2522,12.2524,0.0,415.8576,0.0,415.8576,792.7286,computation
/home/1755_project/presentation/cpu/compaction_parallelism/final-speedup-cpu-8mb-sst_32sst/sst_8MB/input_32sst/value_32/subcomp_8/repeat_04,compactall,compactall,compaction_wall_sum,0.497241,rocksdb.compaction.times.micros,497241.0,1,8,256,32,input_32sst,32,16,8,5,4,1,5592406,268435456,56,317550352,317843637,1,8.0,8,0.497241,2.061988,0.0,0.083489802,0.0,16.790610991450826,83.20938900854918,414.6858364455063,317550352.0,309819709.0,5590965.0,5515113.0,5592405.333333333,268366320.0,264725424.0,609.0399119705818,594.2130660781357,514.7082939107213,514.8408920422894,1203.2529780487175,11243974.249911008,11091428.502476666,11246870.900294492,22335402.752387676,11.243974249911009,11.091428502476667,11.246870900294493,22.335402752387676,39.9121,75.2119,14.4778,1616476.2645,1189273.1327,380.5829,806.0262,31.8162,6.6865,0.0,380.5829,0.0,380.5829,806.0262,computation
/home/1755_project/presentation/cpu/compaction_parallelism/final-speedup-cpu-8mb-sst_32sst/sst_8MB/input_32sst/value_32/subcomp_8/repeat_05,compactall,compactall,compaction_wall_sum,0.487813,rocksdb.compaction.times.micros,487813.0,1,8,256,32,input_32sst,32,16,8,5,5,1,5592406,268435456,56,317550352,317843637,1,8.0,8,0.487813,2.136269,0.0,0.083404231,0.0,17.097582680248376,82.90241731975162,437.9278535012392,317550352.0,309819709.0,5590965.0,5515113.0,5592405.333333333,268366320.0,264725424.0,620.8108739786846,605.6974684761544,524.6561013594572,524.7912622254839,1226.508342454839,11461287.419564465,11305793.408539748,11464240.053736439,22767080.828104213,11.461287419564465,11.305793408539747,11.46424005373644,22.767080828104213,43.9829,76.2442,13.5006,1622406.4662,1192066.6242,377.1724,777.4755,33.9356,5.8552,0.0,377.1724,0.0,377.1724,777.4755,computation
/home/1755_project/presentation/cpu/compaction_parallelism/final-speedup-cpu-8mb-sst_32sst/sst_8MB/input_32sst/value_32/subcomp_16/repeat_01,compactall,compactall,compaction_wall_sum,0.553696,rocksdb.compaction.times.micros,553696.0,1,8,256,32,input_32sst,32,16,16,5,1,1,5592406,268435456,56,317550352,317843637,1,16.0,16,0.553696,3.156102,0.0,0.09416482899999999,0.0,17.00659369040051,82.9934063095995,570.0062850372768,317550352.0,309828391.0,5590965.0,5515113.0,5592405.333333333,268366320.0,264725424.0,546.9420311292913,533.6418883108662,462.2284913968332,462.34756978558636,1080.5839194401574,10097535.47072762,9960543.330636306,10100136.77782273,20058078.801363926,10.097535470727621,9.960543330636305,10.10013677782273,20.058078801363926,59.3449,80.7977,41.2838,3100589.5686,1173353.9,765.7945,1530.8843,51.8637,17.3455,0.0,765.7944,0.0,765.7944,1530.8843,computation
/home/1755_project/presentation/cpu/compaction_parallelism/final-speedup-cpu-8mb-sst_32sst/sst_8MB/input_32sst/value_32/subcomp_16/repeat_02,compactall,compactall,compaction_wall_sum,0.563802,rocksdb.compaction.times.micros,563802.0,1,8,256,32,input_32sst,32,16,16,5,2,1,5592406,268435456,56,317550352,317843637,1,16.0,16,0.563802,3.142833,0.0,0.10996802800000001,0.0,19.504724708319586,80.49527529168041,557.4355890897868,317550352.0,309828391.0,5590965.0,5515113.0,5592405.333333333,268366320.0,264725424.0,537.1382415602712,524.0765002433005,453.94316936169247,454.06011330218763,1061.2147418035718,9916539.84909596,9782003.256462375,9919094.528457388,19698543.105558332,9.91653984909596,9.782003256462374,9.919094528457387,19.698543105558333,60.0519,80.8002,38.2917,3118687.5731,1134236.8053,699.5368,1430.9265,50.1448,14.9793,0.0,699.5368,0.0,699.5368,1430.9265,computation
/home/1755_project/presentation/cpu/compaction_parallelism/final-speedup-cpu-8mb-sst_32sst/sst_8MB/input_32sst/value_32/subcomp_16/repeat_03,compactall,compactall,compaction_wall_sum,0.559677,rocksdb.compaction.times.micros,559677.0,1,8,256,32,input_32sst,32,16,16,5,3,1,5592406,268435456,56,317550352,317843637,1,16.0,16,0.559677,3.248207,0.0,0.093547243,0.0,16.71450550942776,83.28549449057223,580.3717143995555,317550352.0,309828391.0,5590965.0,5515113.0,5592405.333333333,268366320.0,264725424.0,541.0971236412504,527.9391130780314,457.28887692805125,457.4066827831053,1069.0362367192818,9989627.946118923,9854099.775406172,9992201.454291195,19843727.721525095,9.989627946118922,9.854099775406173,9.992201454291195,19.843727721525095,54.9296,70.7128,44.3219,3101870.8608,1175694.4915,736.6957,1524.875,53.6707,18.6143,0.0,736.6957,0.0,736.6957,1524.875,computation
/home/1755_project/presentation/cpu/compaction_parallelism/final-speedup-cpu-8mb-sst_32sst/sst_8MB/input_32sst/value_32/subcomp_16/repeat_04,compactall,compactall,compaction_wall_sum,0.553637,rocksdb.compaction.times.micros,553637.0,1,8,256,32,input_32sst,32,16,16,5,4,1,5592406,268435456,56,317550352,317843637,1,16.0,16,0.553637,3.161395,0.0,0.095844486,0.0,17.311792022570746,82.68820797742926,571.0230710736457,317550352.0,309828391.0,5590965.0,5515113.0,5592405.333333333,268366320.0,264725424.0,547.0003176597013,533.6987574713636,462.27775017287667,462.39684125157817,1080.6990751310648,10098611.545109881,9961604.806037167,10101213.129421141,20060216.35114705,10.09861154510988,9.961604806037167,10.101213129421142,20.060216351147048,60.4008,80.9209,47.0806,3115259.9924,1181970.8823,706.5792,1473.7845,52.0232,19.1977,0.0,706.5793,0.0,706.5793,1473.7845,computation
/home/1755_project/presentation/cpu/compaction_parallelism/final-speedup-cpu-8mb-sst_32sst/sst_8MB/input_32sst/value_32/subcomp_16/repeat_05,compactall,compactall,compaction_wall_sum,0.504125,rocksdb.compaction.times.micros,504125.0,1,8,256,32,input_32sst,32,16,16,5,5,1,5592406,268435456,56,317550352,317843637,1,16.0,16,0.504125,2.720378,0.0,0.104155124,0.0,20.660575055789735,79.33942494421026,539.6237044383834,317550352.0,309828391.0,5590965.0,5515113.0,5592405.333333333,268366320.0,264725424.0,600.7232628180789,586.1153067000711,507.6797753978892,507.8105628564344,1186.83856951815,11090433.92015869,10939971.237292336,11093291.015786426,22030405.157451026,11.09043392015869,10.939971237292337,11.093291015786425,22.030405157451025,57.6645,81.1187,65.9691,3136551.4784,1197504.8644,490.5505,1424.2147,44.1986,24.5244,0.0,490.5505,0.0,490.5505,1424.2147,computation
/home/1755_project/presentation/cpu/compaction_parallelism/final-speedup-cpu-8mb-sst_32sst/sst_8MB/input_32sst/value_32/subcomp_32/repeat_01,compactall,compactall,compaction_wall_sum,0.927148,rocksdb.compaction.times.micros,927148.0,1,8,256,32,input_32sst,32,16,32,5,1,1,5592406,268435456,56,317550352,317843637,1,32.0,32,0.927148,3.478934,0.0,0.177716799,0.0,19.16811544650908,80.83188455349092,375.2296289265576,317550352.0,309848601.0,5590965.0,5515113.0,5592405.333333333,268366320.0,264725424.0,326.63567722538806,318.7135740443898,276.04445759734256,276.11557162394786,645.3492512697778,6030283.191033147,5948471.010022133,6031836.700649016,11978754.201055279,6.030283191033147,5.948471010022133,6.0318367006490154,11.97875420105528,55.7467,82.1261,82.8435,3361994.6587,656102.9809,477.3082,1535.6469,41.8073,21.4115,0.0,477.3082,0.0,477.3082,1535.6469,computation
/home/1755_project/presentation/cpu/compaction_parallelism/final-speedup-cpu-8mb-sst_32sst/sst_8MB/input_32sst/value_32/subcomp_32/repeat_02,compactall,compactall,compaction_wall_sum,0.813526,rocksdb.compaction.times.micros,813526.0,1,8,256,32,input_32sst,32,16,32,5,2,1,5592406,268435456,56,317550352,317843637,1,32.0,32,0.813526,3.446287,0.0,0.33787363299999995,0.0,41.53200180449057,58.46799819550943,423.6234613276036,317550352.0,309848601.0,5590965.0,5515113.0,5592405.333333333,268366320.0,264725424.0,372.25560691135144,363.22705451099034,314.59850917175476,314.6795554167906,735.4826614223417,6872509.299026706,6779270.730130322,6874279.78126493,13651780.029157028,6.8725092990267065,6.779270730130322,6.87427978126493,13.651780029157027,57.0888,79.4452,129.5047,3786707.3279,734764.4283,530.5875,1480.1381,42.3963,33.1842,0.0,530.5875,0.0,530.5875,1480.1381,computation
/home/1755_project/presentation/cpu/compaction_parallelism/final-speedup-cpu-8mb-sst_32sst/sst_8MB/input_32sst/value_32/subcomp_32/repeat_03,compactall,compactall,compaction_wall_sum,0.843599,rocksdb.compaction.times.micros,843599.0,1,8,256,32,input_32sst,32,16,32,5,3,1,5592406,268435456,56,317550352,317843637,1,32.0,32,0.843599,3.258528,0.0,0.214670165,0.0,25.446943986420088,74.55305601357992,386.26503824684477,317550352.0,309848601.0,5590965.0,5515113.0,5592405.333333333,268366320.0,264725424.0,358.98527009653174,350.2785716295395,303.38355874350367,303.46171581521554,709.2638417260713,6627514.968604752,6537600.210526565,6629222.335888655,13165115.179131318,6.627514968604752,6.537600210526565,6.629222335888655,13.165115179131318,58.2394,81.5463,122.2208,3736741.3583,729514.6099,519.8379,1558.7038,40.999,30.6663,0.0,519.8379,0.0,519.8379,1558.7038,computation
/home/1755_project/presentation/cpu/compaction_parallelism/final-speedup-cpu-8mb-sst_32sst/sst_8MB/input_32sst/value_32/subcomp_32/repeat_04,compactall,compactall,compaction_wall_sum,0.847286,rocksdb.compaction.times.micros,847286.0,1,8,256,32,input_32sst,32,16,32,5,4,1,5592406,268435456,56,317550352,317843637,1,32.0,32,0.847286,3.173673,0.0,0.162494383,0.0,19.178221167350813,80.82177883264919,374.5692717689186,317550352.0,309848601.0,5590965.0,5515113.0,5592405.333333333,268366320.0,264725424.0,357.42313087689877,348.7543199676472,302.06337266573615,302.14118963372465,706.177450844546,6598675.063673896,6509151.573376641,6600375.001278592,13107826.637050536,6.598675063673896,6.5091515733766405,6.600375001278592,13.107826637050536,57.5019,77.946,112.1256,3776301.3319,734605.7816,496.629,1526.4093,40.9506,28.1121,0.0,496.629,0.0,496.629,1526.4093,computation
/home/1755_project/presentation/cpu/compaction_parallelism/final-speedup-cpu-8mb-sst_32sst/sst_8MB/input_32sst/value_32/subcomp_32/repeat_05,compactall,compactall,compaction_wall_sum,0.851711,rocksdb.compaction.times.micros,851711.0,1,8,256,32,input_32sst,32,16,32,5,5,1,5592406,268435456,56,317550352,317843637,1,32.0,32,0.851711,3.282113,0.0,0.165914826,0.0,19.48017884000559,80.51982115999441,385.35524373877996,317550352.0,309848601.0,5590965.0,5515113.0,5592405.333333333,268366320.0,264725424.0,355.5661660682603,346.94239330959437,300.4940252884616,300.571437964286,702.5085593778547,6564392.14710154,6475333.769318466,6566083.252809149,13039725.916420007,6.5643921471015405,6.475333769318466,6.5660832528091495,13.039725916420007,58.3392,77.7535,102.0765,3778040.4778,712732.1681,528.3649,1541.9006,42.9399,25.9177,0.0,528.3649,0.0,528.3649,1541.9006,computation
/home/1755_project/presentation/cpu/compaction_parallelism/final-speedup-cpu-8mb-sst_32sst/sst_8MB/input_32sst/value_64/subcomp_1/repeat_01,compactall,compactall,compaction_wall_sum,1.107136,rocksdb.compaction.times.micros,1107136.0,1,8,256,32,input_32sst,64,16,1,5,1,1,3355444,268435456,47,298103713,298337144,1,1.0,1,1.107136,0.864856,0.18731815899999998,0.054961841,16.91916431224348,4.964326062922712,78.11650962483381,78.11650962483381,298103713.0,293721513.0,3354870.0,3327648.0,3355443.2,268389600.0,266211840.0,256.78313659156595,253.00835951869013,231.1877387335855,231.22723856870343,509.79149611025605,3030223.9291288517,3005636.1639401126,3030741.6613677097,6035860.093068964,3.0302239291288515,3.0056361639401126,3.03074166136771,6.035860093068964,17.3664,48.7632,1.4725,266048.2912,522880.5462,84.117,99.5163,5.7786,0.8519,0.0,84.117,0.0,84.117,99.5163,computation
/home/1755_project/presentation/cpu/compaction_parallelism/final-speedup-cpu-8mb-sst_32sst/sst_8MB/input_32sst/value_64/subcomp_1/repeat_02,compactall,compactall,compaction_wall_sum,1.103462,rocksdb.compaction.times.micros,1103462.0,1,8,256,32,input_32sst,64,16,1,5,2,1,3355444,268435456,47,298103713,298337144,1,1.0,1,1.103462,0.869032,0.178773861,0.055656139,16.201179650953094,5.043774864925118,78.7550454841218,78.7550454841218,298103713.0,293721513.0,3354870.0,3327648.0,3355443.2,268389600.0,266211840.0,257.63810146016806,253.8507561874215,231.95748318523601,231.99711453588796,511.48885764758955,3040313.123605525,3015643.4929340566,3040832.579644791,6055956.616539582,3.040313123605525,3.0156434929340565,3.040832579644791,6.055956616539581,15.7399,42.7816,1.4229,267566.5088,522869.2908,84.1328,99.5582,5.8324,0.9063,0.0,84.1328,0.0,84.1328,99.5582,computation
/home/1755_project/presentation/cpu/compaction_parallelism/final-speedup-cpu-8mb-sst_32sst/sst_8MB/input_32sst/value_64/subcomp_1/repeat_03,compactall,compactall,compaction_wall_sum,1.125856,rocksdb.compaction.times.micros,1125856.0,1,8,256,32,input_32sst,64,16,1,5,3,1,3355444,268435456,47,298103713,298337144,1,1.0,1,1.125856,0.894341,0.175623333,0.055891667,15.599093756217492,4.964370843162891,79.43653540061962,79.43653540061962,298103713.0,293721513.0,3354870.0,3327648.0,3355443.2,268389600.0,266211840.0,252.5135139071426,248.80150136792315,227.34369964768752,227.3825427052838,501.3150152750658,2979839.34002217,2955660.40417247,2980348.4637466962,5935499.74419464,2.97983934002217,2.9556604041724697,2.9803484637466964,5.93549974419464,15.0121,43.7959,1.4368,264775.2066,517747.2172,85.0097,99.5322,5.8902,0.8505,0.0,85.0097,0.0,85.0097,99.5322,computation
/home/1755_project/presentation/cpu/compaction_parallelism/final-speedup-cpu-8mb-sst_32sst/sst_8MB/input_32sst/value_64/subcomp_1/repeat_04,compactall,compactall,compaction_wall_sum,1.101207,rocksdb.compaction.times.micros,1101207.0,1,8,256,32,input_32sst,64,16,1,5,4,1,3355444,268435456,47,298103713,298337144,1,1.0,1,1.101207,0.862254,0.184209965,0.054743035,16.728005270580372,4.971184799951326,78.3008099294683,78.3008099294683,298103713.0,293721513.0,3354870.0,3327648.0,3355443.2,268389600.0,266211840.0,258.16568066988305,254.37057984927853,232.4324748303878,232.4721873362592,512.5362605191616,3046538.934096859,3021818.7861137823,3047059.4538538167,6068357.720210642,3.046538934096859,3.021818786113782,3.0470594538538167,6.068357720210642,17.095,47.7678,1.4057,268552.4019,522833.9875,83.2115,99.5184,5.3788,0.9049,0.0,83.2115,0.0,83.2115,99.5184,computation
/home/1755_project/presentation/cpu/compaction_parallelism/final-speedup-cpu-8mb-sst_32sst/sst_8MB/input_32sst/value_64/subcomp_1/repeat_05,compactall,compactall,compaction_wall_sum,1.102787,rocksdb.compaction.times.micros,1102787.0,1,8,256,32,input_32sst,64,16,1,5,5,1,3355444,268435456,47,298103713,298337144,1,1.0,1,1.102787,0.870611,0.17671804000000002,0.05545796,16.024675662661966,5.028891345291521,78.94643299204651,78.94643299204652,298103713.0,293721513.0,3354870.0,3327648.0,3355443.2,268389600.0,266211840.0,257.7957980221384,254.00613457003436,232.09946101155245,232.13911661998193,511.80193259217276,3042174.05537062,3017489.3247744124,3042693.829361427,6059663.380145033,3.04217405537062,3.0174893247744126,3.042693829361427,6.059663380145033,15.3754,40.8067,1.458,268404.506,520685.6432,84.1123,99.4915,5.6572,0.8484,0.0,84.1123,0.0,84.1123,99.4915,computation
/home/1755_project/presentation/cpu/compaction_parallelism/final-speedup-cpu-8mb-sst_32sst/sst_8MB/input_32sst/value_64/subcomp_2/repeat_01,compactall,compactall,compaction_wall_sum,0.619055,rocksdb.compaction.times.micros,619055.0,1,8,256,32,input_32sst,64,16,2,5,1,1,3355444,268435456,47,298103713,298337144,1,2.0,2,0.619055,0.920866,0.0,0.059955129,0.0,9.684943825669771,90.31505617433022,148.7535033236142,298103713.0,293721878.0,3354870.0,3327648.0,3355443.2,268389600.0,266211840.0,459.2384436171906,452.48808460509963,413.46288829029226,413.5335309463618,911.7265282222902,5419340.769398519,5375367.2936976515,5420266.696820154,10794708.063096171,5.419340769398519,5.375367293697652,5.420266696820154,10.794708063096172,24.541,54.7602,3.5558,556051.94,931018.51,149.1782,188.8772,10.8012,1.9825,0.0,149.1782,0.0,149.1782,188.8772,computation
/home/1755_project/presentation/cpu/compaction_parallelism/final-speedup-cpu-8mb-sst_32sst/sst_8MB/input_32sst/value_64/subcomp_2/repeat_02,compactall,compactall,compaction_wall_sum,0.614692,rocksdb.compaction.times.micros,614692.0,1,8,256,32,input_32sst,64,16,2,5,2,1,3355444,268435456,47,298103713,298337144,1,2.0,2,0.614692,0.922035,0.0,0.059263107,0.0,9.641105952249257,90.35889404775074,149.9995119507005,298103713.0,293721878.0,3354870.0,3327648.0,3355443.2,268389600.0,266211840.0,462.4980554707723,455.69978333085504,416.397591493865,416.4687355618749,918.1978388016273,5457806.511228387,5413520.917792976,5458739.010756607,10871327.429021364,5.457806511228387,5.413520917792976,5.458739010756607,10.871327429021363,25.1951,50.7427,3.2446,558259.721,933818.7224,150.7964,188.7788,10.6267,1.6759,0.0,150.7964,0.0,150.7964,188.7788,computation
/home/1755_project/presentation/cpu/compaction_parallelism/final-speedup-cpu-8mb-sst_32sst/sst_8MB/input_32sst/value_64/subcomp_2/repeat_03,compactall,compactall,compaction_wall_sum,0.614695,rocksdb.compaction.times.micros,614695.0,1,8,256,32,input_32sst,64,16,2,5,3,1,3355444,268435456,47,298103713,298337144,1,2.0,2,0.614695,0.91281,0.0,0.058629680999999996,0.0,9.538011696857792,90.4619883031422,148.49803561115675,298103713.0,293721878.0,3354870.0,3327648.0,3355443.2,268389600.0,266211840.0,462.4957982632687,455.69755930210914,416.3955592782549,416.4667029990483,918.1933575653778,5457779.874571943,5413494.497271004,5458712.369549126,10871274.371842947,5.457779874571942,5.413494497271004,5.458712369549127,10.871274371842947,27.1801,58.6842,3.2172,553756.066,929372.3887,150.7836,188.8977,10.7016,1.7716,0.0,150.7836,0.0,150.7836,188.8977,computation
/home/1755_project/presentation/cpu/compaction_parallelism/final-speedup-cpu-8mb-sst_32sst/sst_8MB/input_32sst/value_64/subcomp_2/repeat_04,compactall,compactall,compaction_wall_sum,0.616465,rocksdb.compaction.times.micros,616465.0,1,8,256,32,input_32sst,64,16,2,5,4,1,3355444,268435456,47,298103713,298337144,1,2.0,2,0.616465,0.922504,0.0,0.06009804,0.0,9.748816234498308,90.2511837655017,149.64418093484625,298103713.0,293721878.0,3354870.0,3327648.0,3355443.2,268389600.0,266211840.0,461.1678760569374,454.38915626225327,415.20000050375427,415.2709399560396,915.5570323191906,5442109.446602807,5397951.221886076,5443039.2641918035,10840060.668488884,5.4421094466028075,5.397951221886076,5.443039264191803,10.840060668488885,24.2054,56.7137,3.1882,560757.4175,937469.4557,150.8647,189.0356,10.8143,1.7748,0.0,150.8647,0.0,150.8647,189.0356,computation
/home/1755_project/presentation/cpu/compaction_parallelism/final-speedup-cpu-8mb-sst_32sst/sst_8MB/input_32sst/value_64/subcomp_2/repeat_05,compactall,compactall,compaction_wall_sum,0.612788,rocksdb.compaction.times.micros,612788.0,1,8,256,32,input_32sst,64,16,2,5,5,1,3355444,268435456,47,298103713,298337144,1,2.0,2,0.612788,0.923709,0.0,0.060216027000000005,0.0,9.826567589443657,90.17343241055634,150.73875467535265,298103713.0,293721878.0,3354870.0,3327648.0,3355443.2,268389600.0,266211840.0,463.93508801321167,457.1156928908692,417.6913848028141,417.7627499233014,921.0507809040809,5474764.518887445,5430341.325221773,5475699.915794696,10905105.844109219,5.474764518887445,5.430341325221773,5.475699915794696,10.905105844109219,25.5356,56.7233,3.1774,550381.374,925692.335,152.5205,189.0725,10.812,1.765,0.0,152.5205,0.0,152.5205,189.0725,computation
/home/1755_project/presentation/cpu/compaction_parallelism/final-speedup-cpu-8mb-sst_32sst/sst_8MB/input_32sst/value_64/subcomp_4/repeat_01,compactall,compactall,compaction_wall_sum,0.386882,rocksdb.compaction.times.micros,386882.0,1,8,256,32,input_32sst,64,16,4,5,1,1,3355444,268435456,47,298103713,298337144,1,4.0,4,0.386882,0.989291,0.0,0.069811234,0.0,18.044580518090786,81.95541948190922,255.70871738669672,298103713.0,293721777.0,3354870.0,3327648.0,3355443.2,268389600.0,266211840.0,734.8335014641156,724.0319138499698,661.587430561636,661.7004668090012,1458.8654153140853,8671558.769857476,8601196.230375154,8673040.358558942,17272755.00023263,8.671558769857475,8.601196230375153,8.673040358558941,17.272755000232628,37.217,77.9467,10.4315,1186298.7359,1600636.2194,280.6495,367.0689,18.8841,5.0172,0.0,280.6495,0.0,280.6495,367.0689,computation
/home/1755_project/presentation/cpu/compaction_parallelism/final-speedup-cpu-8mb-sst_32sst/sst_8MB/input_32sst/value_64/subcomp_4/repeat_02,compactall,compactall,compaction_wall_sum,0.369066,rocksdb.compaction.times.micros,369066.0,1,8,256,32,input_32sst,64,16,4,5,2,1,3355444,268435456,47,298103713,298337144,1,4.0,4,0.369066,0.95026,0.0,0.06408001099999999,0.0,17.362751106848094,82.6372488931519,257.47698243674574,298103713.0,293721777.0,3354870.0,3327648.0,3355443.2,268389600.0,266211840.0,770.3062723562722,758.9832574501688,693.5243785950124,693.6428714647244,1529.289529806441,9090162.735120548,9016403.570093153,9091715.844862437,18106566.3052137,9.090162735120549,9.016403570093154,9.091715844862437,18.1065663052137,41.3008,77.2582,10.3924,1211639.8521,1675141.7636,287.7438,367.4602,18.8841,5.2268,0.0,287.7438,0.0,287.7438,367.4602,computation
/home/1755_project/presentation/cpu/compaction_parallelism/final-speedup-cpu-8mb-sst_32sst/sst_8MB/input_32sst/value_64/subcomp_4/repeat_03,compactall,compactall,compaction_wall_sum,0.374186,rocksdb.compaction.times.micros,374186.0,1,8,256,32,input_32sst,64,16,4,5,3,1,3355444,268435456,47,298103713,298337144,1,4.0,4,0.374186,0.972649,0.0,0.06922493399999999,0.0,18.500140037307645,81.49985996269235,259.93730390768224,298103713.0,293721777.0,3354870.0,3327648.0,3355443.2,268389600.0,266211840.0,759.7661449478065,748.5980632468986,684.0348604986474,684.1517320263184,1508.364208194705,8965781.723527871,8893031.807710603,8967313.582015362,17858813.531238474,8.96578172352787,8.893031807710603,8.967313582015361,17.858813531238475,39.3824,69.4561,10.9193,1193915.3954,1648804.8409,284.7892,377.7056,19.5342,5.2045,0.0,284.7892,0.0,284.7892,377.7056,computation
/home/1755_project/presentation/cpu/compaction_parallelism/final-speedup-cpu-8mb-sst_32sst/sst_8MB/input_32sst/value_64/subcomp_4/repeat_04,compactall,compactall,compaction_wall_sum,0.379287,rocksdb.compaction.times.micros,379287.0,1,8,256,32,input_32sst,64,16,4,5,4,1,3355444,268435456,47,298103713,298337144,1,4.0,4,0.379287,0.974985,0.0,0.063428294,0.0,16.723034008547614,83.27696599145239,257.05732070964734,298103713.0,293721777.0,3354870.0,3327648.0,3355443.2,268389600.0,266211840.0,749.5481118874096,738.5302288085381,674.8353313204694,674.9506310524748,1488.0783406959479,8845201.654683657,8773430.146564476,8846712.911330998,17618631.801248133,8.845201654683658,8.773430146564476,8.846712911330998,17.61863180124813,41.9603,78.3663,9.8874,1160092.7329,1620729.8601,293.7683,386.0125,19.1052,4.8775,0.0,293.7683,0.0,293.7683,386.0125,computation
/home/1755_project/presentation/cpu/compaction_parallelism/final-speedup-cpu-8mb-sst_32sst/sst_8MB/input_32sst/value_64/subcomp_4/repeat_05,compactall,compactall,compaction_wall_sum,0.364126,rocksdb.compaction.times.micros,364126.0,1,8,256,32,input_32sst,64,16,4,5,5,1,3355444,268435456,47,298103713,298337144,1,4.0,4,0.364126,0.950628,0.0,0.060290316,0.0,16.55754216946881,83.4424578305312,261.0711676727287,298103713.0,293721777.0,3354870.0,3327648.0,3355443.2,268389600.0,266211840.0,780.756811415389,769.2801801961518,702.933238248702,703.0533386794681,1550.036991611541,9213486.540373387,9138726.704492401,9215060.720739525,18352213.244865786,9.213486540373387,9.1387267044924,9.215060720739524,18.352213244865787,40.1017,81.6185,10.4284,1214381.4391,1701101.6886,284.471,367.2239,18.7021,5.499,0.0,284.471,0.0,284.471,367.2239,computation
/home/1755_project/presentation/cpu/compaction_parallelism/final-speedup-cpu-8mb-sst_32sst/sst_8MB/input_32sst/value_64/subcomp_8/repeat_01,compactall,compactall,compaction_wall_sum,0.333933,rocksdb.compaction.times.micros,333933.0,1,8,256,32,input_32sst,64,16,8,5,1,1,3355444,268435456,47,298103713,298337144,1,8.0,8,0.333933,1.172574,0.0,0.072289668,0.0,21.647955727645968,78.35204427235404,351.1404982436597,298103713.0,293726335.0,3354870.0,3327648.0,3355443.2,268389600.0,266211840.0,851.3499855163759,838.8486964200549,766.489889620214,766.6208490924827,1690.1986819364308,10046536.281230068,9965016.934534773,10048252.793224989,20011553.21576484,10.046536281230068,9.965016934534773,10.048252793224988,20.011553215764838,61.352,83.319,27.5697,2309671.388,1817471.9556,431.7313,662.4993,31.7175,12.74,0.0,431.7313,0.0,431.7313,662.4993,computation
/home/1755_project/presentation/cpu/compaction_parallelism/final-speedup-cpu-8mb-sst_32sst/sst_8MB/input_32sst/value_64/subcomp_8/repeat_02,compactall,compactall,compaction_wall_sum,0.361529,rocksdb.compaction.times.micros,361529.0,1,8,256,32,input_32sst,64,16,8,5,2,1,3355444,268435456,47,298103713,298337144,1,8.0,8,0.361529,1.406992,0.0,0.074288089,0.0,20.548307051439856,79.45169294856015,389.1781848759021,298103713.0,293726335.0,3354870.0,3327648.0,3355443.2,268389600.0,266211840.0,786.3652838733268,774.8182351668557,707.9826744480993,708.1036376058353,1561.1835190401825,9279670.510526126,9204373.64637415,9281255.998827204,18484044.156900275,9.279670510526126,9.20437364637415,9.281255998827204,18.484044156900275,51.332,77.2209,24.5933,2264033.8098,1673875.4295,482.9114,750.1999,33.2474,11.3143,0.0,482.9114,0.0,482.9114,750.1999,computation
/home/1755_project/presentation/cpu/compaction_parallelism/final-speedup-cpu-8mb-sst_32sst/sst_8MB/input_32sst/value_64/subcomp_8/repeat_03,compactall,compactall,compaction_wall_sum,0.346304,rocksdb.compaction.times.micros,346304.0,1,8,256,32,input_32sst,64,16,8,5,3,1,3355444,268435456,47,298103713,298337144,1,8.0,8,0.346304,1.259104,0.0,0.073746446,0.0,21.295291420255033,78.70470857974496,363.58344113842173,298103713.0,293726335.0,3354870.0,3327648.0,3355443.2,268389600.0,266211840.0,820.9372537234336,808.8825475352239,739.1086106731278,739.2348918868971,1629.8198012586574,9687644.381814823,9609037.146553317,9689299.574939938,19296681.528368138,9.687644381814822,9.609037146553318,9.689299574939938,19.296681528368136,50.8875,78.6718,25.3423,2215147.4283,1785786.1717,480.1501,741.2479,32.65,11.6369,0.0,480.1501,0.0,480.1501,741.2479,computation
/home/1755_project/presentation/cpu/compaction_parallelism/final-speedup-cpu-8mb-sst_32sst/sst_8MB/input_32sst/value_64/subcomp_8/repeat_04,compactall,compactall,compaction_wall_sum,0.386884,rocksdb.compaction.times.micros,386884.0,1,8,256,32,input_32sst,64,16,8,5,4,1,3355444,268435456,47,298103713,298337144,1,8.0,8,0.386884,1.517119,0.0,0.08642381299999999,0.0,22.338430382233433,77.66156961776656,392.1379534951045,298103713.0,293726335.0,3354870.0,3327648.0,3355443.2,268389600.0,266211840.0,734.829702736324,724.0394064930009,661.5840104800066,661.69704614303,1458.8691092293247,8671513.942163542,8601151.766420942,8672995.523205923,17272665.708584484,8.671513942163543,8.601151766420942,8.672995523205923,17.272665708584483,53.2945,76.9503,20.7232,2273102.8781,1524674.9707,414.7011,765.938,31.6839,9.4436,0.0,414.7011,0.0,414.7011,765.938,computation
/home/1755_project/presentation/cpu/compaction_parallelism/final-speedup-cpu-8mb-sst_32sst/sst_8MB/input_32sst/value_64/subcomp_8/repeat_05,compactall,compactall,compaction_wall_sum,0.35313,rocksdb.compaction.times.micros,353130.0,1,8,256,32,input_32sst,64,16,8,5,5,1,3355444,268435456,47,298103713,298337144,1,8.0,8,0.35313,1.35947,0.0,0.075751554,0.0,21.451463766884714,78.54853623311529,384.97720386260016,298103713.0,293726335.0,3354870.0,3327648.0,3355443.2,268389600.0,266211840.0,805.0685433507206,793.2468545341325,724.8216472985781,724.9454874975222,1598.315397884853,9500382.295471923,9423294.537422478,9502005.493727524,18923676.8328944,9.500382295471923,9.423294537422478,9.502005493727523,18.9236768328944,52.7312,77.3816,27.9957,2308350.1278,1711626.1546,407.68,740.7041,30.8685,12.3351,0.0,407.68,0.0,407.68,740.7041,computation
/home/1755_project/presentation/cpu/compaction_parallelism/final-speedup-cpu-8mb-sst_32sst/sst_8MB/input_32sst/value_64/subcomp_16/repeat_01,compactall,compactall,compaction_wall_sum,0.442249,rocksdb.compaction.times.micros,442249.0,1,8,256,32,input_32sst,64,16,16,5,1,1,3355444,268435456,47,298103713,298337144,1,16.0,16,0.442249,2.116105,0.0,0.112368179,0.0,25.408351177730193,74.5916488222698,478.48723230578247,298103713.0,293735134.0,3354870.0,3327648.0,3355443.2,268389600.0,266211840.0,642.83662532519,633.416136886569,578.7605360567167,578.8594208240154,1276.2527622117589,7585930.098202596,7524376.539008567,7587226.200624536,15110306.637211164,7.585930098202597,7.524376539008567,7.587226200624536,15.110306637211165,61.5393,77.9661,45.3584,3340378.8895,1404081.0271,688.7558,1299.3091,46.9725,18.9327,0.0,688.7558,0.0,688.7558,1299.3091,computation
/home/1755_project/presentation/cpu/compaction_parallelism/final-speedup-cpu-8mb-sst_32sst/sst_8MB/input_32sst/value_64/subcomp_16/repeat_02,compactall,compactall,compaction_wall_sum,0.458295,rocksdb.compaction.times.micros,458295.0,1,8,256,32,input_32sst,64,16,16,5,2,1,3355444,268435456,47,298103713,298337144,1,16.0,16,0.458295,2.247688,0.0,0.158880591,0.0,34.667755703204264,65.33224429679574,490.44567363815884,298103713.0,293735134.0,3354870.0,3327648.0,3355443.2,268389600.0,266211840.0,620.3293832868347,611.238728596097,558.4967505876059,558.5921731635736,1231.5681118829316,7320328.609301869,7260930.186888358,7321579.332089594,14581258.796190226,7.3203286093018685,7.260930186888357,7.321579332089594,14.581258796190227,61.5091,75.0928,51.0175,3249434.6596,1383732.91,707.1804,1222.8865,47.6962,21.5296,0.0,707.1804,0.0,707.1804,1222.8865,computation
/home/1755_project/presentation/cpu/compaction_parallelism/final-speedup-cpu-8mb-sst_32sst/sst_8MB/input_32sst/value_64/subcomp_16/repeat_03,compactall,compactall,compaction_wall_sum,0.436701,rocksdb.compaction.times.micros,436701.0,1,8,256,32,input_32sst,64,16,16,5,3,1,3355444,268435456,47,298103713,298337144,1,16.0,16,0.436701,1.966435,0.0,0.10652479399999999,0.0,24.39307306372094,75.60692693627905,450.29322122001093,298103713.0,293735134.0,3354870.0,3327648.0,3355443.2,268389600.0,266211840.0,651.0034433478282,641.4632737775921,586.1133093593714,586.2134503928316,1292.4667171254202,7682304.368435154,7619968.811612522,7683616.936988924,15302273.180047676,7.682304368435154,7.619968811612522,7.683616936988924,15.302273180047676,64.1915,76.5992,53.575,3321918.3113,1404339.0717,583.697,990.313,42.5247,22.4269,0.0,583.697,0.0,583.697,990.313,computation
/home/1755_project/presentation/cpu/compaction_parallelism/final-speedup-cpu-8mb-sst_32sst/sst_8MB/input_32sst/value_64/subcomp_16/repeat_04,compactall,compactall,compaction_wall_sum,0.461596,rocksdb.compaction.times.micros,461596.0,1,8,256,32,input_32sst,64,16,16,5,4,1,3355444,268435456,47,298103713,298337144,1,16.0,16,0.461596,2.175626,0.0,0.11914341199999999,0.0,25.811188138545393,74.18881186145461,471.3268745829686,298103713.0,293735134.0,3354870.0,3327648.0,3355443.2,268389600.0,266211840.0,615.8932371888836,606.8675922710514,554.5027866587815,554.5975268416537,1222.760829459935,7267978.92529398,7209005.277342091,7269220.703818924,14476984.20263607,7.26797892529398,7.209005277342091,7.269220703818924,14.476984202636071,67.028,83.4637,48.2852,3320540.3967,1401670.6879,708.5597,1326.6808,47.5326,19.2886,0.0,708.5597,0.0,708.5597,1326.6808,computation
/home/1755_project/presentation/cpu/compaction_parallelism/final-speedup-cpu-8mb-sst_32sst/sst_8MB/input_32sst/value_64/subcomp_16/repeat_05,compactall,compactall,compaction_wall_sum,0.445162,rocksdb.compaction.times.micros,445162.0,1,8,256,32,input_32sst,64,16,16,5,5,1,3355444,268435456,47,298103713,298337144,1,16.0,16,0.445162,2.128692,0.0,0.115161073,0.0,25.869475157358444,74.13052484264156,478.18367246081203,298103713.0,293735134.0,3354870.0,3327648.0,3355443.2,268389600.0,266211840.0,638.6301048010386,629.2712610733805,574.9733092908804,575.0715469873888,1267.901365874419,7536290.159537427,7475139.3874589475,7537577.780673103,15011429.546996374,7.536290159537427,7.475139387458947,7.537577780673104,15.011429546996373,66.4299,77.3133,37.581,3268983.2974,1376008.8321,651.8088,1101.1518,46.9436,15.9392,0.0,651.8088,0.0,651.8088,1101.1518,computation
/home/1755_project/presentation/cpu/compaction_parallelism/final-speedup-cpu-8mb-sst_32sst/sst_8MB/input_32sst/value_64/subcomp_32/repeat_01,compactall,compactall,compaction_wall_sum,0.748094,rocksdb.compaction.times.micros,748094.0,1,8,256,32,input_32sst,64,16,32,5,1,1,3355444,268435456,47,298103713,298337144,1,32.0,32,0.748094,2.45431,0.0,0.182124734,0.0,24.34516705119945,75.65483294880055,328.0750814737185,298103713.0,293755825.0,3354870.0,3327648.0,3355443.2,268389600.0,266211840.0,380.0242412229478,374.48152985751653,342.14452770714223,342.20298518635354,754.5057710804643,4484556.753563055,4448168.278317966,4485322.967434574,8932725.03188102,4.484556753563055,4.448168278317966,4.485322967434574,8.93272503188102,60.2986,84.2078,104.3192,3722434.9157,765192.1819,492.5766,1306.2865,38.3017,26.6581,0.0,492.5766,0.0,492.5766,1306.2865,computation
/home/1755_project/presentation/cpu/compaction_parallelism/final-speedup-cpu-8mb-sst_32sst/sst_8MB/input_32sst/value_64/subcomp_32/repeat_02,compactall,compactall,compaction_wall_sum,0.725826,rocksdb.compaction.times.micros,725826.0,1,8,256,32,input_32sst,64,16,32,5,2,1,3355444,268435456,47,298103713,298337144,1,32.0,32,0.725826,2.237535,0.0,0.18923531500000002,0.0,26.071718979479936,73.92828102052006,308.27429714559685,298103713.0,293755825.0,3354870.0,3327648.0,3355443.2,268389600.0,266211840.0,391.68320604861213,385.97044690770105,352.6413607538816,352.7016116810365,777.6536529563132,4622140.843673278,4584635.987137414,4622930.564625682,9206776.83081069,4.622140843673278,4.584635987137413,4.622930564625682,9.206776830810691,58.3448,82.0113,100.8347,3658423.0654,792665.3561,426.965,1312.5378,37.9936,27.1788,0.0,426.965,0.0,426.965,1312.5378,computation
/home/1755_project/presentation/cpu/compaction_parallelism/final-speedup-cpu-8mb-sst_32sst/sst_8MB/input_32sst/value_64/subcomp_32/repeat_03,compactall,compactall,compaction_wall_sum,0.73255,rocksdb.compaction.times.micros,732550.0,1,8,256,32,input_32sst,64,16,32,5,3,1,3355444,268435456,47,298103713,298337144,1,32.0,32,0.73255,2.357452,0.0,0.18307130600000002,0.0,24.99096389324961,75.00903610675039,321.8144836529929,298103713.0,293755825.0,3354870.0,3327648.0,3355443.2,268389600.0,266211840.0,388.0879867769298,382.42766445598113,349.404502505695,349.4642003958774,770.515651232911,4579714.695242645,4542554.091870862,4580497.167428845,9122268.787113506,4.579714695242645,4.542554091870862,4.580497167428844,9.122268787113507,61.8517,89.6093,99.2343,3676520.6787,792106.6317,483.9583,1411.7153,37.8535,26.0051,0.0,483.9583,0.0,483.9583,1411.7153,computation
/home/1755_project/presentation/cpu/compaction_parallelism/final-speedup-cpu-8mb-sst_32sst/sst_8MB/input_32sst/value_64/subcomp_32/repeat_04,compactall,compactall,compaction_wall_sum,0.774452,rocksdb.compaction.times.micros,774452.0,1,8,256,32,input_32sst,64,16,32,5,4,1,3355444,268435456,47,298103713,298337144,1,32.0,32,0.774452,2.634861,0.0,0.26427544300000005,0.0,34.1241862633191,65.8758137366809,340.2226348437346,298103713.0,293755825.0,3354870.0,3327648.0,3355443.2,268389600.0,266211840.0,367.0903486767933,361.7362801015802,330.4998480351873,330.55631594985874,728.8266287783736,4331927.608166806,4296777.592413733,4332667.744417989,8628705.20058054,4.331927608166806,4.296777592413733,4.332667744417988,8.628705200580539,58.943,85.0268,115.5862,3705175.0091,721259.8057,502.4645,1318.1946,36.7658,30.1776,0.0,502.4645,0.0,502.4645,1318.1946,computation
/home/1755_project/presentation/cpu/compaction_parallelism/final-speedup-cpu-8mb-sst_32sst/sst_8MB/input_32sst/value_64/subcomp_32/repeat_05,compactall,compactall,compaction_wall_sum,0.816476,rocksdb.compaction.times.micros,816476.0,1,8,256,32,input_32sst,64,16,32,5,5,1,3355444,268435456,47,298103713,298337144,1,32.0,32,0.816476,2.575266,0.0,0.223131181,0.0,27.328565812099807,72.67143418790019,315.4123330018274,298103713.0,293755825.0,3354870.0,3327648.0,3355443.2,268389600.0,266211840.0,348.19621729657695,343.1177225016155,313.48902883923944,313.5425903517066,691.3139397981925,4108963.3988016797,4075622.553510452,4109665.440257889,8184585.952312131,4.10896339880168,4.075622553510452,4.109665440257889,8.184585952312132,51.9759,84.2093,98.1478,3219127.5548,693181.5945,412.0016,1332.9137,35.4293,25.7081,0.0,412.0016,0.0,412.0016,1332.9137,computation
/home/1755_project/presentation/cpu/compaction_parallelism/final-speedup-cpu-8mb-sst_32sst/sst_8MB/input_32sst/value_128/subcomp_1/repeat_01,compactall,compactall,compaction_wall_sum,0.749623,rocksdb.compaction.times.micros,749623.0,1,8,256,32,input_32sst,128,16,1,5,1,1,1864136,268435456,41,286983331,287191747,1,1.0,1,0.749623,0.518273,0.17901886800000003,0.052331131999999995,23.881186676502725,6.98099337933868,69.1378199441586,69.1378199441586,286983331.0,284763269.0,1863950.0,1855606.0,1864135.111111111,268408800.0,267207264.0,365.10170046998763,362.2773259374166,341.47108460842566,341.5049965115798,727.3790264074042,2486516.5556553095,2475385.62717526,2486763.494598099,4961902.182830569,2.4865165556553093,2.47538562717526,2.486763494598099,4.96190218283057,25.867,42.7717,2.041,400541.5487,763053.2682,75.3275,89.5785,4.8928,1.3394,0.0,75.3275,0.0,75.3275,89.5785,computation
/home/1755_project/presentation/cpu/compaction_parallelism/final-speedup-cpu-8mb-sst_32sst/sst_8MB/input_32sst/value_128/subcomp_1/repeat_02,compactall,compactall,compaction_wall_sum,0.74588,rocksdb.compaction.times.micros,745880.0,1,8,256,32,input_32sst,128,16,1,5,2,1,1864136,268435456,41,286983331,287191747,1,1.0,1,0.74588,0.52847,0.16348316000000002,0.05392684,21.918158416903527,7.229961924170107,70.85187965892636,70.85187965892636,286983331.0,284763269.0,1863950.0,1855606.0,1864135.111111111,268408800.0,267207264.0,366.93386605273446,364.0953181492788,343.18466624312475,343.2187483241272,731.0291842020133,2498994.4763232693,2487807.69024508,2499242.654463333,4986802.166568349,2.4989944763232694,2.48780769024508,2.499242654463333,4.986802166568349,23.8677,42.7646,2.0003,399403.6076,765408.1984,76.7124,89.5198,5.3461,1.2483,0.0,76.7124,0.0,76.7124,89.5198,computation
/home/1755_project/presentation/cpu/compaction_parallelism/final-speedup-cpu-8mb-sst_32sst/sst_8MB/input_32sst/value_128/subcomp_1/repeat_03,compactall,compactall,compaction_wall_sum,0.749729,rocksdb.compaction.times.micros,749729.0,1,8,256,32,input_32sst,128,16,1,5,3,1,1864136,268435456,41,286983331,287191747,1,1.0,1,0.749729,0.529388,0.165907356,0.054433644,22.128976736927612,7.260442639940566,70.61058062313182,70.61058062313182,286983331.0,284763269.0,1863950.0,1855606.0,1864135.111111111,268408800.0,267207264.0,365.05008077773914,362.22610556772395,341.42280591710056,341.45671302563994,727.2761863454631,2486165.000953678,2475035.6462134984,2486411.9049831484,4961200.647167177,2.486165000953678,2.4750356462134984,2.4864119049831483,4.961200647167177,25.0191,39.8224,1.993,399512.4466,764036.1979,76.7511,89.5272,5.2635,1.2478,0.0,76.7511,0.0,76.7511,89.5272,computation
/home/1755_project/presentation/cpu/compaction_parallelism/final-speedup-cpu-8mb-sst_32sst/sst_8MB/input_32sst/value_128/subcomp_1/repeat_04,compactall,compactall,compaction_wall_sum,0.748934,rocksdb.compaction.times.micros,748934.0,1,8,256,32,input_32sst,128,16,1,5,4,1,1864136,268435456,41,286983331,287191747,1,1.0,1,0.748934,0.527309,0.167611918,0.054013082000000004,22.380065266098214,7.211994915439812,70.40793981846197,70.40793981846198,286983331.0,284763269.0,1863950.0,1855606.0,1864135.111111111,268408800.0,267207264.0,365.43758463551336,362.61061175108097,341.78522921568776,341.8191723169198,728.0481963865943,2488804.086875479,2477662.9182277746,2489051.252995739,4966467.005103254,2.4888040868754793,2.4776629182277747,2.4890512529957394,4.966467005103254,23.7312,39.7606,2.059,396388.5861,762304.1854,78.1699,89.6058,5.1665,1.2495,0.0,78.1699,0.0,78.1699,89.6058,computation
/home/1755_project/presentation/cpu/compaction_parallelism/final-speedup-cpu-8mb-sst_32sst/sst_8MB/input_32sst/value_128/subcomp_1/repeat_05,compactall,compactall,compaction_wall_sum,0.753799,rocksdb.compaction.times.micros,753799.0,1,8,256,32,input_32sst,128,16,1,5,5,1,1864136,268435456,41,286983331,287191747,1,1.0,1,0.753799,0.53335,0.16652466200000002,0.053924338,22.091388022536513,7.153675979936297,70.7549359975272,70.75493599752718,286983331.0,284763269.0,1863950.0,1855606.0,1864135.111111111,268408800.0,267207264.0,363.0790595522329,360.2703318804935,339.5793558460835,339.6130798793843,723.3493914327263,2472741.407192103,2461672.143369784,2472986.9781083697,4934413.550561887,2.4727414071921032,2.461672143369784,2.4729869781083695,4.934413550561887,21.881,41.8007,2.026,399609.2149,761593.5222,76.7227,89.5235,5.604,1.2439,0.0,76.7227,0.0,76.7227,89.5235,computation
/home/1755_project/presentation/cpu/compaction_parallelism/final-speedup-cpu-8mb-sst_32sst/sst_8MB/input_32sst/value_128/subcomp_2/repeat_01,compactall,compactall,compaction_wall_sum,0.427214,rocksdb.compaction.times.micros,427214.0,1,8,256,32,input_32sst,128,16,2,5,1,1,1864136,268435456,41,286983331,287191747,1,2.0,2,0.427214,0.560852,0.0,0.054800436,0.0,12.827397042231764,87.17260295776823,131.28127823526384,286983331.0,284764538.0,1863950.0,1855606.0,1864135.111111111,268408800.0,267207264.0,640.6359155163773,635.6828805092802,599.1717941299253,599.2312985997651,1276.3187960256573,4363035.855566531,4343504.660427795,4363469.153892688,8706540.515994327,4.363035855566531,4.3435046604277945,4.363469153892688,8.706540515994327,31.5923,48.7874,4.6923,765222.247,1344338.9353,151.7276,179.1164,10.4358,2.6485,0.0,151.7276,0.0,151.7276,179.1164,computation
/home/1755_project/presentation/cpu/compaction_parallelism/final-speedup-cpu-8mb-sst_32sst/sst_8MB/input_32sst/value_128/subcomp_2/repeat_02,compactall,compactall,compaction_wall_sum,0.419482,rocksdb.compaction.times.micros,419482.0,1,8,256,32,input_32sst,128,16,2,5,2,1,1864136,268435456,41,286983331,287191747,1,2.0,2,0.419482,0.551605,0.0,0.055040201000000004,0.0,13.120992319098319,86.87900768090168,131.49670307665167,286983331.0,284764538.0,1863950.0,1855606.0,1864135.111111111,268408800.0,267207264.0,652.4442813074544,647.399950686541,610.2158825823799,610.2764838538959,1299.8442319939954,4443456.4534354275,4423565.254289814,4443897.738427659,8867021.707725242,4.443456453435427,4.423565254289814,4.443897738427658,8.867021707725241,33.3303,49.7835,4.6472,724889.8376,1315298.422,129.3118,178.9328,9.9808,2.4991,0.0,129.3118,0.0,129.3118,178.9328,computation
/home/1755_project/presentation/cpu/compaction_parallelism/final-speedup-cpu-8mb-sst_32sst/sst_8MB/input_32sst/value_128/subcomp_2/repeat_03,compactall,compactall,compaction_wall_sum,0.427898,rocksdb.compaction.times.micros,427898.0,1,8,256,32,input_32sst,128,16,2,5,3,1,1864136,268435456,41,286983331,287191747,1,2.0,2,0.427898,0.559551,0.0,0.054936442,0.0,12.838676974419139,87.16132302558086,130.76737914175808,286983331.0,284764538.0,1863950.0,1855606.0,1864135.111111111,268408800.0,267207264.0,639.6118514492089,634.666733926991,598.214010949857,598.2734203010998,1274.2785853761998,4356061.491289981,4336561.516997041,4356494.096983653,8692623.008287022,4.356061491289981,4.336561516997041,4.356494096983653,8.692623008287022,33.0783,53.6651,4.9429,766518.0594,1354723.8991,149.2169,179.0699,10.311,2.4981,0.0,149.2169,0.0,149.2169,179.0699,computation
/home/1755_project/presentation/cpu/compaction_parallelism/final-speedup-cpu-8mb-sst_32sst/sst_8MB/input_32sst/value_128/subcomp_2/repeat_04,compactall,compactall,compaction_wall_sum,0.42649,rocksdb.compaction.times.micros,426490.0,1,8,256,32,input_32sst,128,16,2,5,4,1,1864136,268435456,41,286983331,287191747,1,2.0,2,0.42649,0.56003,0.0,0.055721847000000005,0.0,13.065217707331945,86.93478229266806,131.31140237754698,286983331.0,284764538.0,1863950.0,1855606.0,1864135.111111111,268408800.0,267207264.0,641.7234448906506,636.762001720771,600.1889349279512,600.2485404112641,1278.4854466114216,4370442.448826468,4350878.097962438,4370876.482710289,8721320.546788905,4.370442448826467,4.350878097962438,4.370876482710289,8.721320546788904,34.3276,51.7959,4.7398,735688.9062,1325922.9087,149.2173,189.0278,10.1334,2.6583,0.0,149.2173,0.0,149.2173,189.0278,computation
/home/1755_project/presentation/cpu/compaction_parallelism/final-speedup-cpu-8mb-sst_32sst/sst_8MB/input_32sst/value_128/subcomp_2/repeat_05,compactall,compactall,compaction_wall_sum,0.417299,rocksdb.compaction.times.micros,417299.0,1,8,256,32,input_32sst,128,16,2,5,5,1,1864136,268435456,41,286983331,287191747,1,2.0,2,0.417299,0.550183,0.0,0.053964517,0.0,12.93185869125016,87.06814130874984,131.84383379782844,286983331.0,284764538.0,1863950.0,1855606.0,1864135.111111111,268408800.0,267207264.0,655.8573876558861,650.7866688247315,613.4080811538535,613.4689994464401,1306.6440564806176,4466701.334055438,4446706.07885473,4467144.927524655,8913407.412910167,4.466701334055438,4.446706078854731,4.4671449275246555,8.913407412910168,34.5602,55.7307,4.4508,740720.9551,1335483.0645,126.7856,188.8921,9.6579,2.6632,0.0,126.7857,0.0,126.7857,188.8921,computation
/home/1755_project/presentation/cpu/compaction_parallelism/final-speedup-cpu-8mb-sst_32sst/sst_8MB/input_32sst/value_128/subcomp_4/repeat_01,compactall,compactall,compaction_wall_sum,0.268145,rocksdb.compaction.times.micros,268145.0,1,8,256,32,input_32sst,128,16,4,5,1,1,1864136,268435456,41,286983331,287191747,1,4.0,4,0.268145,0.595018,0.0,0.063506683,0.0,23.683709560126047,76.31629043987395,221.90158309869662,286983331.0,284765629.0,1863950.0,1855606.0,1864135.111111111,268408800.0,267207264.0,1020.6740085081339,1012.786613856573,954.6125374607838,954.707341177348,2033.460622364707,6951276.361669991,6920158.869268492,6951966.70126652,13871435.230938483,6.951276361669991,6.920158869268492,6.95196670126652,13.871435230938483,52.1538,75.5016,15.1449,1539234.9653,2243399.0622,248.3358,377.4585,16.5959,7.8537,0.0,248.3358,0.0,248.3358,377.4585,computation
/home/1755_project/presentation/cpu/compaction_parallelism/final-speedup-cpu-8mb-sst_32sst/sst_8MB/input_32sst/value_128/subcomp_4/repeat_02,compactall,compactall,compaction_wall_sum,0.268271,rocksdb.compaction.times.micros,268271.0,1,8,256,32,input_32sst,128,16,4,5,2,1,1864136,268435456,41,286983331,287191747,1,4.0,4,0.268271,0.589021,0.0,0.06755359,0.0,25.18110045439127,74.81889954560873,219.56193550551495,286983331.0,284765629.0,1863950.0,1855606.0,1864135.111111111,268408800.0,267207264.0,1020.1946241353467,1012.3109339905201,954.1641804646118,954.2589396543049,2032.5055581258669,6948011.525658756,6916908.6483443985,6948701.541020502,13864920.174003154,6.948011525658756,6.916908648344399,6.948701541020502,13.864920174003155,48.2388,65.6602,14.3946,1526340.1582,2219782.0677,243.6158,328.0555,16.875,6.875,0.0,243.6159,0.0,243.6159,328.0555,computation
/home/1755_project/presentation/cpu/compaction_parallelism/final-speedup-cpu-8mb-sst_32sst/sst_8MB/input_32sst/value_128/subcomp_4/repeat_03,compactall,compactall,compaction_wall_sum,0.269054,rocksdb.compaction.times.micros,269054.0,1,8,256,32,input_32sst,128,16,4,5,3,1,1864136,268435456,41,286983331,287191747,1,4.0,4,0.269054,0.594564,0.0,0.063892869,0.0,23.74722880908665,76.25277119091335,220.98314836426886,286983331.0,284765629.0,1863950.0,1855606.0,1864135.111111111,268408800.0,267207264.0,1017.225657345416,1009.364910287789,951.3873752385092,951.4818586603433,2026.590567633205,6927791.447070104,6896779.085239394,6928479.4543515835,13824570.532309499,6.927791447070104,6.896779085239394,6.928479454351583,13.8245705323095,53.1227,73.5178,14.7663,1519793.7316,2225061.1591,248.0669,347.1112,17.1549,7.2171,0.0,248.0669,0.0,248.0669,347.1112,computation
/home/1755_project/presentation/cpu/compaction_parallelism/final-speedup-cpu-8mb-sst_32sst/sst_8MB/input_32sst/value_128/subcomp_4/repeat_04,compactall,compactall,compaction_wall_sum,0.267241,rocksdb.compaction.times.micros,267241.0,1,8,256,32,input_32sst,128,16,4,5,4,1,1864136,268435456,41,286983331,287191747,1,4.0,4,0.267241,0.591613,0.0,0.064539583,0.0,24.15032985208108,75.84967014791891,221.3780819559873,286983331.0,284765629.0,1863950.0,1855606.0,1864135.111111111,268408800.0,267207264.0,1024.1266572547386,1016.2125817990907,957.8417191127928,957.9368435232617,2040.3392390538293,6974790.544863999,6943567.790870412,6975483.219682275,13918358.335734412,6.974790544863999,6.9435677908704125,6.975483219682276,13.918358335734412,57.4586,83.1535,15.8812,1611970.3766,2255578.0526,193.5201,357.3425,15.5599,7.9224,0.0,193.5201,0.0,193.5201,357.3425,computation
/home/1755_project/presentation/cpu/compaction_parallelism/final-speedup-cpu-8mb-sst_32sst/sst_8MB/input_32sst/value_128/subcomp_4/repeat_05,compactall,compactall,compaction_wall_sum,0.269079,rocksdb.compaction.times.micros,269079.0,1,8,256,32,input_32sst,128,16,4,5,5,1,1864136,268435456,41,286983331,287191747,1,4.0,4,0.269079,0.601309,0.0,0.063645101,0.0,23.652942444412233,76.34705755558777,223.4693157028233,286983331.0,284765629.0,1863950.0,1855606.0,1864135.111111111,268408800.0,267207264.0,1017.1311474006279,1009.2711306812155,951.2989822967302,951.393456940155,2026.4022780818434,6927147.789310945,6896138.3088238025,6927835.73267,13823286.098134749,6.927147789310945,6.896138308823803,6.92783573267,13.823286098134748,49.2142,66.6807,14.5322,1543994.3098,2221472.6753,243.3173,327.3972,16.6298,6.9501,0.0,243.3173,0.0,243.3173,327.3972,computation
/home/1755_project/presentation/cpu/compaction_parallelism/final-speedup-cpu-8mb-sst_32sst/sst_8MB/input_32sst/value_128/subcomp_8/repeat_01,compactall,compactall,compaction_wall_sum,0.272576,rocksdb.compaction.times.micros,272576.0,1,8,256,32,input_32sst,128,16,8,5,1,1,1864136,268435456,41,286983331,287191747,1,8.0,8,0.272576,0.860073,0.0,0.07623218899999999,0.0,27.967315170814743,72.03268482918526,315.53511681145807,286983331.0,284769536.0,1863950.0,1855606.0,1864135.111111111,268408800.0,267207264.0,1004.081914810598,996.3364073804187,939.0943401378768,939.1876027236441,2000.4183221910168,6838276.297252877,6807664.651326603,6838955.414677415,13645940.948579479,6.838276297252877,6.807664651326603,6.838955414677415,13.64594094857948,66.3689,79.3589,38.8433,3050509.5143,1907466.2189,331.4253,504.1326,23.4581,19.8896,0.0,331.4253,0.0,331.4253,504.1326,computation
/home/1755_project/presentation/cpu/compaction_parallelism/final-speedup-cpu-8mb-sst_32sst/sst_8MB/input_32sst/value_128/subcomp_8/repeat_02,compactall,compactall,compaction_wall_sum,0.291102,rocksdb.compaction.times.micros,291102.0,1,8,256,32,input_32sst,128,16,8,5,2,1,1864136,268435456,41,286983331,287191747,1,8.0,8,0.291102,0.952161,0.0,0.07743277400000001,0.0,26.599877019051743,73.40012298094825,327.0884432260857,286983331.0,284769536.0,1863950.0,1855606.0,1864135.111111111,268408800.0,267207264.0,940.1812148711226,932.9286386837774,879.3295094414393,879.4168367101565,1873.1098535549002,6403082.081194907,6374418.588673386,6403717.978959646,12777500.669868292,6.403082081194907,6.374418588673386,6.403717978959646,12.777500669868292,49.2255,75.2161,24.1003,2010197.9991,1818972.8352,234.3636,544.7413,28.3608,9.6266,0.0,234.3636,0.0,234.3636,544.7413,computation
/home/1755_project/presentation/cpu/compaction_parallelism/final-speedup-cpu-8mb-sst_32sst/sst_8MB/input_32sst/value_128/subcomp_8/repeat_03,compactall,compactall,compaction_wall_sum,0.277488,rocksdb.compaction.times.micros,277488.0,1,8,256,32,input_32sst,128,16,8,5,3,1,1864136,268435456,41,286983331,287191747,1,8.0,8,0.277488,0.897668,0.0,0.082778428,0.0,29.831354148647872,70.16864585135212,323.497953064637,286983331.0,284769536.0,1863950.0,1855606.0,1864135.111111111,268408800.0,267207264.0,986.30799173807,978.6995926963508,922.4708054309443,922.5624171135328,1965.0075844344208,6717227.411635818,6687157.642853024,6717894.507550276,13404385.054488841,6.717227411635818,6.687157642853024,6.717894507550276,13.404385054488841,63.3755,78.4031,37.9002,3050461.1995,1939434.6459,340.8691,522.9471,24.9407,18.6847,0.0,340.8691,0.0,340.8691,522.9471,computation
/home/1755_project/presentation/cpu/compaction_parallelism/final-speedup-cpu-8mb-sst_32sst/sst_8MB/input_32sst/value_128/subcomp_8/repeat_04,compactall,compactall,compaction_wall_sum,0.307923,rocksdb.compaction.times.micros,307923.0,1,8,256,32,input_32sst,128,16,8,5,4,1,1864136,268435456,41,286983331,287191747,1,8.0,8,0.307923,0.945005,0.0,0.08954751600000001,0.0,29.081139115947817,70.91886088405218,306.896529327137,286983331.0,284769536.0,1863950.0,1855606.0,1864135.111111111,268408800.0,267207264.0,888.821659997511,881.9652724159124,831.2941185212597,831.3766753376656,1770.7869324134233,6053299.039045475,6026201.355533688,6053900.199436584,12079500.394579165,6.053299039045475,6.026201355533688,6.053900199436583,12.079500394579165,56.8882,69.0994,18.3175,1980034.5069,1800041.9318,288.9,491.0653,29.5589,8.2178,0.0,288.9,0.0,288.9,491.0653,computation
/home/1755_project/presentation/cpu/compaction_parallelism/final-speedup-cpu-8mb-sst_32sst/sst_8MB/input_32sst/value_128/subcomp_8/repeat_05,compactall,compactall,compaction_wall_sum,0.282814,rocksdb.compaction.times.micros,282814.0,1,8,256,32,input_32sst,128,16,8,5,5,1,1864136,268435456,41,286983331,287191747,1,8.0,8,0.282814,0.984649,0.0,0.08623779,0.0,30.49275849144667,69.50724150855334,348.16133571888236,286983331.0,284769536.0,1863950.0,1855606.0,1864135.111111111,268408800.0,267207264.0,967.7336765910229,960.2685601778023,905.0986827293623,905.1885691656,1928.0022367688252,6590727.47459461,6561223.9846683685,6591382.007648529,13151951.459262978,6.59072747459461,6.561223984668368,6.591382007648528,13.151951459262978,62.441,82.3599,37.1807,2906758.9301,1806194.9044,371.1044,583.4428,25.8943,18.5942,0.0,371.1044,0.0,371.1044,583.4428,computation
/home/1755_project/presentation/cpu/compaction_parallelism/final-speedup-cpu-8mb-sst_32sst/sst_8MB/input_32sst/value_128/subcomp_16/repeat_01,compactall,compactall,compaction_wall_sum,0.37229,rocksdb.compaction.times.micros,372290.0,1,8,256,32,input_32sst,128,16,16,5,1,1,1864136,268435456,41,286983331,287191747,1,16.0,16,0.37229,1.514895,0.0,0.104307255,0.0,28.017742888608343,71.98225711139166,406.9126218807919,286983331.0,284779348.0,1863950.0,1855606.0,1864135.111111111,268408800.0,267207264.0,735.14902901344,729.5032099452512,687.5676995283834,687.6359827016573,1464.6522389586912,5006715.195143571,4984302.559832389,5007212.418037312,9991017.75497596,5.006715195143571,4.984302559832389,5.007212418037312,9.99101775497596,64.6441,73.8447,47.6744,3804872.1678,1491746.257,611.6821,1274.727,43.3602,19.3455,0.0,611.6821,0.0,611.6821,1274.727,computation
/home/1755_project/presentation/cpu/compaction_parallelism/final-speedup-cpu-8mb-sst_32sst/sst_8MB/input_32sst/value_128/subcomp_16/repeat_02,compactall,compactall,compaction_wall_sum,0.39481,rocksdb.compaction.times.micros,394810.0,1,8,256,32,input_32sst,128,16,16,5,2,1,1864136,268435456,41,286983331,287191747,1,16.0,16,0.39481,1.502989,0.0,0.134867904,0.0,34.16020465540387,65.83979534459613,380.6866594057901,286983331.0,284779348.0,1863950.0,1855606.0,1864135.111111111,268408800.0,267207264.0,693.2160583860936,687.8922773752377,648.348772466305,648.4131607608723,1381.108335761331,4721131.68359464,4699997.467136091,4721600.54484717,9421129.150730731,4.72113168359464,4.6999974671360905,4.72160054484717,9.421129150730732,52.8574,77.6928,41.5811,2898493.5326,1348134.8566,452.7733,1190.5291,36.8375,16.704,0.0,452.7734,0.0,452.7734,1190.5291,computation
/home/1755_project/presentation/cpu/compaction_parallelism/final-speedup-cpu-8mb-sst_32sst/sst_8MB/input_32sst/value_128/subcomp_16/repeat_03,compactall,compactall,compaction_wall_sum,0.384761,rocksdb.compaction.times.micros,384761.0,1,8,256,32,input_32sst,128,16,16,5,3,1,1864136,268435456,41,286983331,287191747,1,16.0,16,0.384761,1.557926,0.0,0.210884785,0.0,54.809293301556025,45.190706698443975,404.9074620348736,286983331.0,284779348.0,1863950.0,1855606.0,1864135.111111111,268408800.0,267207264.0,711.3211370471892,705.8583121223761,665.2820292530216,665.3480992096391,1417.1794491695653,4844435.896569558,4822749.706960944,4844917.003311435,9667185.603530502,4.844435896569558,4.822749706960945,4.844917003311434,9.667185603530502,68.2332,76.7658,58.9693,3906492.3787,1428870.9667,576.9625,1169.7604,40.6429,26.1709,0.0,576.9625,0.0,576.9625,1169.7604,write
/home/1755_project/presentation/cpu/compaction_parallelism/final-speedup-cpu-8mb-sst_32sst/sst_8MB/input_32sst/value_128/subcomp_16/repeat_04,compactall,compactall,compaction_wall_sum,0.374585,rocksdb.compaction.times.micros,374585.0,1,8,256,32,input_32sst,128,16,16,5,4,1,1864136,268435456,41,286983331,287191747,1,16.0,16,0.374585,1.463925,0.0,0.12451809,0.0,33.24161138326415,66.75838861673586,390.81249916574336,286983331.0,284779348.0,1863950.0,1855606.0,1864135.111111111,268408800.0,267207264.0,730.6449324223169,725.0337040471925,683.3551232895654,683.4229881068383,1455.6786364695092,4976040.151100552,4953764.833081944,4976534.327618861,9929804.984182496,4.976040151100552,4.9537648330819435,4.976534327618861,9.929804984182496,62.7161,72.9109,56.3793,3839512.0706,1500061.4304,575.4167,1155.6558,40.0722,23.1242,0.0,575.4167,0.0,575.4167,1155.6558,computation
/home/1755_project/presentation/cpu/compaction_parallelism/final-speedup-cpu-8mb-sst_32sst/sst_8MB/input_32sst/value_128/subcomp_16/repeat_05,compactall,compactall,compaction_wall_sum,0.373169,rocksdb.compaction.times.micros,373169.0,1,8,256,32,input_32sst,128,16,16,5,5,1,1864136,268435456,41,286983331,287191747,1,16.0,16,0.373169,1.467064,0.0,0.143765489,0.0,38.5255712559189,61.4744287440811,393.13662174510745,286983331.0,284779348.0,1863950.0,1855606.0,1864135.111111111,268408800.0,267207264.0,733.417384647207,727.7848643121953,685.9481330373688,686.0162553695511,1461.2022489594024,4994921.871859667,4972562.029536216,4995417.923544322,9967483.901395883,4.994921871859667,4.972562029536215,4.995417923544323,9.967483901395884,65.954,78.8114,54.9248,3884501.4511,1521500.0651,593.2965,1228.29,40.9204,22.9857,0.0,593.2965,0.0,593.2965,1228.29,computation
/home/1755_project/presentation/cpu/compaction_parallelism/final-speedup-cpu-8mb-sst_32sst/sst_8MB/input_32sst/value_128/subcomp_32/repeat_01,compactall,compactall,compaction_wall_sum,0.669461,rocksdb.compaction.times.micros,669461.0,1,8,256,32,input_32sst,128,16,32,5,1,1,1864136,268435456,41,286983331,287191747,1,32.0,32,0.669461,1.605832,0.0,0.346727732,0.0,51.7920733246597,48.2079266753403,239.86938746245113,286983331.0,284800122.0,1863950.0,1855606.0,1864135.111111111,268408800.0,267207264.0,408.81938157923105,405.70931191027796,382.35920965884776,382.3971822107636,814.528693489509,2784254.796022472,2771791.03786479,2784531.303707178,5556045.833887261,2.784254796022472,2.77179103786479,2.7845313037071784,5.556045833887262,58.3865,82.8681,116.9516,3763144.8397,895953.7437,496.1938,1112.9424,36.0544,30.9848,0.0,496.1938,0.0,496.1938,1112.9424,write
/home/1755_project/presentation/cpu/compaction_parallelism/final-speedup-cpu-8mb-sst_32sst/sst_8MB/input_32sst/value_128/subcomp_32/repeat_02,compactall,compactall,compaction_wall_sum,0.63919,rocksdb.compaction.times.micros,639190.0,1,8,256,32,input_32sst,128,16,32,5,2,1,1864136,268435456,41,286983331,287191747,1,32.0,32,0.63919,1.568908,0.0,0.26021421,0.0,40.70999389852783,59.29000610147217,245.4525258530327,286983331.0,284800122.0,1863950.0,1855606.0,1864135.111111111,268408800.0,267207264.0,428.1804033408119,424.92304582481984,400.4671206643124,400.5068915345985,853.1034491656317,2916112.5799840423,2903058.5584880863,2916402.1826234935,5819171.138472129,2.916112579984042,2.903058558488086,2.9164021826234934,5.819171138472129,55.557,82.1477,123.4344,3780433.6442,899695.8227,459.7739,906.8074,35.1901,31.4883,0.0,459.7739,0.0,459.7739,906.8074,computation
/home/1755_project/presentation/cpu/compaction_parallelism/final-speedup-cpu-8mb-sst_32sst/sst_8MB/input_32sst/value_128/subcomp_32/repeat_03,compactall,compactall,compaction_wall_sum,0.637229,rocksdb.compaction.times.micros,637229.0,1,8,256,32,input_32sst,128,16,32,5,3,1,1864136,268435456,41,286983331,287191747,1,32.0,32,0.637229,1.888442,0.0,0.351316665,0.0,55.13193294718225,44.86806705281775,296.352174806859,286983331.0,284800122.0,1863950.0,1855606.0,1864135.111111111,268408800.0,267207264.0,429.4980799860232,426.23069832158706,401.69951282415246,401.7394060847827,855.7287783076102,2925086.585827073,2911992.392059997,2925377.079685813,5837078.97788707,2.925086585827073,2.911992392059997,2.9253770796858127,5.83707897788707,59.2377,81.3815,106.6753,3722878.3385,878914.6773,480.9198,733.6909,36.2455,28.9334,0.0,480.9198,0.0,480.9198,733.6909,write
/home/1755_project/presentation/cpu/compaction_parallelism/final-speedup-cpu-8mb-sst_32sst/sst_8MB/input_32sst/value_128/subcomp_32/repeat_04,compactall,compactall,compaction_wall_sum,0.628654,rocksdb.compaction.times.micros,628654.0,1,8,256,32,input_32sst,128,16,32,5,4,1,1864136,268435456,41,286983331,287191747,1,32.0,32,0.628654,1.701376,0.0,0.324213251,0.0,51.57260607583821,48.42739392416179,270.63790256643557,286983331.0,284800122.0,1863950.0,1855606.0,1864135.111111111,268408800.0,267207264.0,435.3565427268633,432.04459314784697,407.178796058598,407.21923347342096,867.4011358747103,2964985.5087218084,2951712.706830784,2965279.964990457,5916698.215552593,2.964985508721808,2.9517127068307842,2.965279964990457,5.916698215552593,60.7475,83.4572,116.4285,3804971.0627,893863.4983,451.2814,855.9541,33.9803,31.7982,0.0,451.2814,0.0,451.2814,855.9541,write
/home/1755_project/presentation/cpu/compaction_parallelism/final-speedup-cpu-8mb-sst_32sst/sst_8MB/input_32sst/value_128/subcomp_32/repeat_05,compactall,compactall,compaction_wall_sum,0.607263,rocksdb.compaction.times.micros,607263.0,1,8,256,32,input_32sst,128,16,32,5,5,1,1864136,268435456,41,286983331,287191747,1,32.0,32,0.607263,1.767574,0.0,0.28423949200000004,0.0,46.80665411856148,53.19334588143852,291.07223723493775,286983331.0,284800122.0,1863950.0,1855606.0,1864135.111111111,268408800.0,267207264.0,450.69209224242803,447.2634783623679,421.5217769852961,421.5636388187655,897.9555706047959,3069427.9085009294,3055687.5686481805,3069732.737069624,6125115.47714911,3.0694279085009293,3.0556875686481804,3.069732737069624,6.1251154771491105,58.9987,80.5499,116.6363,3778653.9233,902724.6502,328.2738,650.5018,35.6273,30.3097,0.0,328.2738,0.0,328.2738,650.5018,computation
/home/1755_project/presentation/cpu/compaction_parallelism/final-speedup-cpu-8mb-sst_32sst/sst_8MB/input_32sst/value_256/subcomp_1/repeat_01,compactall,compactall,compaction_wall_sum,0.520977,rocksdb.compaction.times.micros,520977.0,1,8,256,32,input_32sst,256,16,1,5,1,1,986896,268435456,38,278410014,278605867,1,1.0,1,0.520977,0.319043,0.148483139,0.053450860999999995,28.500900999468303,10.259735266624052,61.23936373390765,61.23936373390764,278410014.0,277348004.0,986843.0,984468.0,986895.0588235294,268421296.0,267775296.0,509.6433811513838,507.6993190128122,491.35853592707485,491.38445651151585,1017.342700164196,1894216.0594421634,1889657.3169256991,1894315.9848199235,3783873.3763678623,1.8942160594421635,1.8896573169256992,1.8943159848199236,3.7838733763678625,32.4364,36.844,2.6171,541953.7748,1066791.3253,69.6389,79.5406,4.8666,1.7477,0.0,69.6389,0.0,69.6389,79.5406,computation
/home/1755_project/presentation/cpu/compaction_parallelism/final-speedup-cpu-8mb-sst_32sst/sst_8MB/input_32sst/value_256/subcomp_1/repeat_02,compactall,compactall,compaction_wall_sum,0.520246,rocksdb.compaction.times.micros,520246.0,1,8,256,32,input_32sst,256,16,1,5,2,1,986896,268435456,38,278410014,278605867,1,1.0,1,0.520246,0.319349,0.148412597,0.052484403,28.527388389338892,10.088381842436078,61.384229768225026,61.384229768225026,278410014.0,277348004.0,986843.0,984468.0,986895.0588235294,268421296.0,267775296.0,510.35948336384035,508.4126896147936,492.0489460210741,492.0749030266451,1018.772172978634,1896877.6309668887,1892312.4829407628,1896977.6967502479,3789190.1139076515,1.8968776309668887,1.8923124829407627,1.8969776967502479,3.7891901139076514,29.6405,38.8169,2.8766,541242.3397,1068001.3159,71.6114,79.6055,4.9868,1.6211,0.0,71.6115,0.0,71.6115,79.6055,computation
/home/1755_project/presentation/cpu/compaction_parallelism/final-speedup-cpu-8mb-sst_32sst/sst_8MB/input_32sst/value_256/subcomp_1/repeat_03,compactall,compactall,compaction_wall_sum,0.512633,rocksdb.compaction.times.micros,512633.0,1,8,256,32,input_32sst,256,16,1,5,3,1,986896,268435456,38,278410014,278605867,1,1.0,1,0.512633,0.311738,0.14868657300000002,0.052208427,29.0044872257541,10.184367178858949,60.81114559538695,60.811145595386954,278410014.0,277348004.0,986843.0,984468.0,986895.0588235294,268421296.0,267775296.0,517.9387198680234,515.9630147129386,499.3562567600597,499.3825992474148,1033.901734580962,1925047.7437074867,1920414.7996714998,1925149.2955457987,3845462.5433789864,1.9250477437074867,1.9204147996714998,1.9251492955457987,3.8454625433789866,28.2429,35.7812,2.6772,541292.3597,1076250.3123,67.6255,79.5474,4.9793,1.74,0.0,67.6255,0.0,67.6255,79.5474,computation
/home/1755_project/presentation/cpu/compaction_parallelism/final-speedup-cpu-8mb-sst_32sst/sst_8MB/input_32sst/value_256/subcomp_1/repeat_04,compactall,compactall,compaction_wall_sum,0.529658,rocksdb.compaction.times.micros,529658.0,1,8,256,32,input_32sst,256,16,1,5,4,1,986896,268435456,38,278410014,278605867,1,1.0,1,0.529658,0.330876,0.145278835,0.053503165,27.42880028244641,10.101455089888193,62.46974462766539,62.4697446276654,278410014.0,277348004.0,986843.0,984468.0,986895.0588235294,268421296.0,267775296.0,501.29041717882956,499.37821787141496,483.30525730127687,483.3307530519694,1000.6686350502446,1863170.19661744,1858686.1710764305,1863268.4842361098,3721856.367693871,1.86317019661744,1.8586861710764304,1.8632684842361098,3.7218563676938707,29.256,39.8403,2.7445,541865.8436,1054640.4159,69.6479,79.5906,5.47,1.6158,0.0,69.6479,0.0,69.6479,79.5906,computation
/home/1755_project/presentation/cpu/compaction_parallelism/final-speedup-cpu-8mb-sst_32sst/sst_8MB/input_32sst/value_256/subcomp_1/repeat_05,compactall,compactall,compaction_wall_sum,0.527582,rocksdb.compaction.times.micros,527582.0,1,8,256,32,input_32sst,256,16,1,5,5,1,986896,268435456,38,278410014,278605867,1,1.0,1,0.527582,0.323844,0.15067467499999998,0.053063324999999995,28.559479853368764,10.057834611491673,61.38268553513956,61.38268553513957,278410014.0,277348004.0,986843.0,984468.0,986895.0588235294,268421296.0,267775296.0,503.2629615530941,501.34323786887705,485.2070312703612,485.2326273451331,1004.6061994219712,1870501.647137317,1865999.9772547206,1870600.3215112141,3736501.6243920377,1.870501647137317,1.8659999772547207,1.8706003215112141,3.7365016243920377,32.426,41.7659,2.9067,541346.3276,1057854.0095,69.6194,79.5152,4.9868,1.7453,0.0,69.6194,0.0,69.6194,79.5152,computation
/home/1755_project/presentation/cpu/compaction_parallelism/final-speedup-cpu-8mb-sst_32sst/sst_8MB/input_32sst/value_256/subcomp_2/repeat_01,compactall,compactall,compaction_wall_sum,0.29945,rocksdb.compaction.times.micros,299450.0,1,8,256,32,input_32sst,256,16,2,5,1,1,986896,268435456,38,278410014,278605867,1,2.0,2,0.29945,0.334708,0.0,0.057452756,0.0,19.18609317081316,80.81390682918683,111.77425279679412,278410014.0,277348444.0,986843.0,984468.0,986895.0588235294,268421296.0,267775296.0,886.6671557258458,883.2863173753118,854.8555550899305,854.9006511938554,1769.9534731011574,3295518.4504925697,3287587.2432793453,3295692.298625912,6583105.6937719155,3.29551845049257,3.2875872432793454,3.295692298625912,6.583105693771915,43.1022,53.7594,6.3336,943020.2513,1774635.6225,109.4012,139.1491,9.146,3.5378,0.0,109.4012,0.0,109.4012,139.1491,computation
/home/1755_project/presentation/cpu/compaction_parallelism/final-speedup-cpu-8mb-sst_32sst/sst_8MB/input_32sst/value_256/subcomp_2/repeat_02,compactall,compactall,compaction_wall_sum,0.305002,rocksdb.compaction.times.micros,305002.0,1,8,256,32,input_32sst,256,16,2,5,2,1,986896,268435456,38,278410014,278605867,1,2.0,2,0.305002,0.338397,0.0,0.057408294,0.0,18.822268050701307,81.17773194929869,110.94910853043586,278410014.0,277348444.0,986843.0,984468.0,986895.0588235294,268421296.0,267775296.0,870.5270122232133,867.2077158118212,839.2944832220106,839.3387584343709,1737.7347280350345,3235529.60308457,3227742.768899876,3235700.286632643,6463272.371984446,3.23552960308457,3.2277427688998763,3.235700286632643,6.463272371984447,44.4371,52.7184,6.2891,923437.9336,1757928.7302,109.4359,139.2562,8.9612,3.5365,0.0,109.4359,0.0,109.4359,139.2562,computation
/home/1755_project/presentation/cpu/compaction_parallelism/final-speedup-cpu-8mb-sst_32sst/sst_8MB/input_32sst/value_256/subcomp_2/repeat_03,compactall,compactall,compaction_wall_sum,0.302174,rocksdb.compaction.times.micros,302174.0,1,8,256,32,input_32sst,256,16,2,5,3,1,986896,268435456,38,278410014,278605867,1,2.0,2,0.302174,0.340296,0.0,0.056617408,0.0,18.73669078080841,81.2633092191916,112.61591003858705,278410014.0,277348444.0,986843.0,984468.0,986895.0588235294,268421296.0,267775296.0,878.6741406676434,875.3237794715532,847.1493112302173,847.1940008074818,1753.9979201391966,3265810.427104913,3257950.717136484,3265982.708054066,6523761.144241397,3.2658104271049133,3.257950717136484,3.265982708054066,6.523761144241397,43.9204,51.6092,6.1937,912973.6395,1743623.4831,108.9663,119.0981,9.1473,3.3256,0.0,108.9663,0.0,108.9663,119.0981,computation
/home/1755_project/presentation/cpu/compaction_parallelism/final-speedup-cpu-8mb-sst_32sst/sst_8MB/input_32sst/value_256/subcomp_2/repeat_04,compactall,compactall,compaction_wall_sum,0.297995,rocksdb.compaction.times.micros,297995.0,1,8,256,32,input_32sst,256,16,2,5,4,1,986896,268435456,38,278410014,278605867,1,2.0,2,0.297995,0.327363,0.0,0.056079976999999996,0.0,18.819099984899072,81.18090001510093,109.85519891273343,278410014.0,277348444.0,986843.0,984468.0,986895.0588235294,268421296.0,267775296.0,890.9964253833268,887.5990796424004,859.0295003999386,859.0748166915552,1778.5955050257273,3311609.2551888456,3303639.3228074294,3311783.952158692,6615248.577996274,3.3116092551888454,3.3036393228074292,3.311783952158692,6.615248577996274,44.0836,52.6897,6.3114,922664.0038,1756948.6781,102.753,119.3653,8.5253,3.529,0.0,102.753,0.0,102.753,119.3653,computation
/home/1755_project/presentation/cpu/compaction_parallelism/final-speedup-cpu-8mb-sst_32sst/sst_8MB/input_32sst/value_256/subcomp_2/repeat_05,compactall,compactall,compaction_wall_sum,0.299187,rocksdb.compaction.times.micros,299187.0,1,8,256,32,input_32sst,256,16,2,5,5,1,986896,268435456,38,278410014,278605867,1,2.0,2,0.299187,0.33326,0.0,0.056125759,0.0,18.759424373385208,81.2405756266148,111.38852958183345,278410014.0,277348444.0,986843.0,984468.0,986895.0588235294,268421296.0,267775296.0,887.446579504138,884.0627692314075,855.6070149160214,855.6521506616264,1771.5093487355455,3298415.3723256695,3290477.193193555,3298589.3732800204,6588892.565519224,3.2984153723256697,3.290477193193555,3.2985893732800204,6.588892565519224,41.7849,54.7021,6.2327,943328.6974,1779032.3359,106.1177,119.35,8.7319,3.5326,0.0,106.1177,0.0,106.1177,119.35,computation
/home/1755_project/presentation/cpu/compaction_parallelism/final-speedup-cpu-8mb-sst_32sst/sst_8MB/input_32sst/value_256/subcomp_4/repeat_01,compactall,compactall,compaction_wall_sum,0.204806,rocksdb.compaction.times.micros,204806.0,1,8,256,32,input_32sst,256,16,4,5,1,1,986896,268435456,38,278410014,278605867,1,4.0,4,0.204806,0.348756,0.0,0.062653849,0.0,30.591803462789173,69.40819653721083,170.28602677655928,278410014.0,277351238.0,986843.0,984468.0,986895.0588235294,268421296.0,267775296.0,1296.4096744338765,1291.4795089210138,1249.8974442725296,1249.9633799791022,2587.8891833548905,4818428.171049677,4806831.831098699,4818682.3570770845,9625260.002148375,4.818428171049677,4.806831831098699,4.818682357077084,9.625260002148375,62.1881,79.6201,17.6349,1470467.6601,2691070.6607,164.1429,218.8081,14.3404,9.4105,0.0,164.1428,0.0,164.1428,218.8081,computation
/home/1755_project/presentation/cpu/compaction_parallelism/final-speedup-cpu-8mb-sst_32sst/sst_8MB/input_32sst/value_256/subcomp_4/repeat_02,compactall,compactall,compaction_wall_sum,0.206692,rocksdb.compaction.times.micros,206692.0,1,8,256,32,input_32sst,256,16,4,5,2,1,986896,268435456,38,278410014,278605867,1,4.0,4,0.206692,0.36349,0.0,0.063878328,0.0,30.90508002244886,69.09491997755114,175.8607009463356,278410014.0,277351238.0,986843.0,984468.0,986895.0588235294,268421296.0,267775296.0,1284.580340710354,1279.6951614192963,1238.4925201346916,1238.5578541985176,2564.2755021296502,4774461.517620421,4762970.990652759,4774713.384279651,9537432.50827318,4.774461517620421,4.762970990652758,4.774713384279651,9.53743250827318,58.2057,69.6823,14.5372,1440562.1497,2650138.2299,159.1758,159.2739,16.875,7.1875,0.0,159.1758,0.0,159.1758,159.2739,computation
/home/1755_project/presentation/cpu/compaction_parallelism/final-speedup-cpu-8mb-sst_32sst/sst_8MB/input_32sst/value_256/subcomp_4/repeat_03,compactall,compactall,compaction_wall_sum,0.208944,rocksdb.compaction.times.micros,208944.0,1,8,256,32,input_32sst,256,16,4,5,3,1,986896,268435456,38,278410014,278605867,1,4.0,4,0.208944,0.367422,0.0,0.06291171300000001,0.0,30.109365667355853,69.89063433264414,175.8471169308523,278410014.0,277351238.0,986843.0,984468.0,986895.0588235294,268421296.0,267775296.0,1270.7351241581691,1265.9025973661705,1225.1440384585328,1225.2086683513287,2536.6377215243397,4723002.335554024,4711635.653572249,4723251.48759251,9434637.989126274,4.723002335554024,4.711635653572249,4.72325148759251,9.434637989126275,55.7272,71.6593,14.9384,1372003.858,2586931.7056,119.4165,159.2429,16.3129,6.8828,0.0,119.4165,0.0,119.4165,159.2429,computation
/home/1755_project/presentation/cpu/compaction_parallelism/final-speedup-cpu-8mb-sst_32sst/sst_8MB/input_32sst/value_256/subcomp_4/repeat_04,compactall,compactall,compaction_wall_sum,0.206373,rocksdb.compaction.times.micros,206373.0,1,8,256,32,input_32sst,256,16,4,5,4,1,986896,268435456,38,278410014,278605867,1,4.0,4,0.206373,0.362972,0.0,0.056540941,0.0,27.3974507324117,72.6025492675883,175.88153489070763,278410014.0,277351238.0,986843.0,984468.0,986895.0588235294,268421296.0,267775296.0,1286.5659741444108,1281.673243612668,1240.4069135578766,1240.4723486114947,2568.2392177570787,4781841.616878177,4770333.328487738,4782093.872858995,9552174.945365915,4.781841616878177,4.770333328487738,4.782093872858995,9.552174945365914,60.1898,74.6343,15.7121,1427841.2131,2635758.2083,154.1914,159.1142,15.0955,7.6135,0.0,154.1914,0.0,154.1914,159.1142,computation
/home/1755_project/presentation/cpu/compaction_parallelism/final-speedup-cpu-8mb-sst_32sst/sst_8MB/input_32sst/value_256/subcomp_4/repeat_05,compactall,compactall,compaction_wall_sum,0.207513,rocksdb.compaction.times.micros,207513.0,1,8,256,32,input_32sst,256,16,4,5,5,1,986896,268435456,38,278410014,278605867,1,4.0,4,0.207513,0.361837,0.0,0.066457024,0.0,32.025475030480024,67.97452496951998,174.368352826088,278410014.0,277351238.0,986843.0,984468.0,986895.0588235294,268421296.0,267775296.0,1279.4980544934751,1274.6322028214,1233.592574786542,1233.6576503640736,2554.130257314875,4755571.940071224,4744126.87397898,4755822.810250584,9499698.814050203,4.755571940071224,4.7441268739789795,4.755822810250584,9.499698814050204,65.1856,77.642,16.6524,1459077.2584,2664403.5129,179.1114,238.7736,14.4655,8.805,0.0,179.1114,0.0,179.1114,238.7736,computation
/home/1755_project/presentation/cpu/compaction_parallelism/final-speedup-cpu-8mb-sst_32sst/sst_8MB/input_32sst/value_256/subcomp_8/repeat_01,compactall,compactall,compaction_wall_sum,0.250955,rocksdb.compaction.times.micros,250955.0,1,8,256,32,input_32sst,256,16,8,5,1,1,986896,268435456,38,278410014,278605867,1,8.0,8,0.250955,0.761265,0.0,0.105626728,0.0,42.08990775238589,57.91009224761411,303.3472136438804,278410014.0,277356093.0,986843.0,984468.0,986895.0588235294,268421296.0,267775296.0,1058.008327318063,1054.0032372054086,1020.049395197066,1020.1032057540197,2112.011564523472,3932350.4213902894,3922886.5732900323,3932557.8642526725,7855236.994680322,3.9323504213902893,3.9228865732900324,3.9325578642526726,7.855236994680322,61.8351,72.2555,31.4597,2679735.4378,2151667.2994,400.531,632.7957,28.086,14.498,0.0,400.531,0.0,400.531,632.7957,computation
/home/1755_project/presentation/cpu/compaction_parallelism/final-speedup-cpu-8mb-sst_32sst/sst_8MB/input_32sst/value_256/subcomp_8/repeat_02,compactall,compactall,compaction_wall_sum,0.265911,rocksdb.compaction.times.micros,265911.0,1,8,256,32,input_32sst,256,16,8,5,2,1,986896,268435456,38,278410014,278605867,1,8.0,8,0.265911,0.782434,0.0,0.106766816,0.0,40.15133484511735,59.84866515488265,294.24657122119805,278410014.0,277356093.0,986843.0,984468.0,986895.0588235294,268421296.0,267775296.0,998.5013022481374,994.7214759558021,962.6773468253651,962.72813084077,1993.2227782039395,3711177.8000910077,3702246.240283403,3711373.5754576884,7413424.04037441,3.711177800091008,3.702246240283403,3.711373575457688,7.4134240403744105,66.581,78.9696,30.7197,2701071.0063,1918278.1223,384.4445,581.336,25.6702,13.186,0.0,384.4444,0.0,384.4444,581.336,computation
/home/1755_project/presentation/cpu/compaction_parallelism/final-speedup-cpu-8mb-sst_32sst/sst_8MB/input_32sst/value_256/subcomp_8/repeat_03,compactall,compactall,compaction_wall_sum,0.2275,rocksdb.compaction.times.micros,227500.0,1,8,256,32,input_32sst,256,16,8,5,3,1,986896,268435456,38,278410014,278605867,1,8.0,8,0.2275,0.5804,0.0,0.09096758599999999,0.0,39.98575208791208,60.01424791208792,255.12087912087912,278410014.0,277356093.0,986843.0,984468.0,986895.0588235294,268421296.0,267775296.0,1167.0878232180416,1162.6698127159705,1125.215366908482,1125.2747252747251,2329.7576359340123,4337771.428571428,4327331.868131868,4338000.258564964,8665103.296703296,4.337771428571428,4.327331868131868,4.338000258564964,8.665103296703295,67.9437,74.3983,36.3143,2725316.0144,2521747.3515,322.3404,476.0447,24.1879,18.3638,0.0,322.3404,0.0,322.3404,476.0447,computation
/home/1755_project/presentation/cpu/compaction_parallelism/final-speedup-cpu-8mb-sst_32sst/sst_8MB/input_32sst/value_256/subcomp_8/repeat_04,compactall,compactall,compaction_wall_sum,0.233369,rocksdb.compaction.times.micros,233369.0,1,8,256,32,input_32sst,256,16,8,5,4,1,986896,268435456,38,278410014,278605867,1,8.0,8,0.233369,0.635302,0.0,0.10073959299999999,0.0,43.16751282303991,56.83248717696009,272.2306733113653,278410014.0,277356093.0,986843.0,984468.0,986895.0588235294,268421296.0,267775296.0,1137.73671645379,1133.4298145549894,1096.9173110896463,1096.975176651569,2271.166531008779,4228680.758798298,4218503.7429992845,4228903.833943366,8447184.501797583,4.228680758798299,4.218503742999284,4.228903833943366,8.447184501797583,68.2343,82.2566,31.1547,2721234.2106,2459343.5097,399.8415,561.8326,26.6117,14.7523,0.0,399.8415,0.0,399.8415,561.8326,computation
/home/1755_project/presentation/cpu/compaction_parallelism/final-speedup-cpu-8mb-sst_32sst/sst_8MB/input_32sst/value_256/subcomp_8/repeat_05,compactall,compactall,compaction_wall_sum,0.256388,rocksdb.compaction.times.micros,256388.0,1,8,256,32,input_32sst,256,16,8,5,5,1,986896,268435456,38,278410014,278605867,1,8.0,8,0.256388,0.687346,0.0,0.097053511,0.0,37.85415503065666,62.14584496934334,268.0882100566329,278410014.0,277356093.0,986843.0,984468.0,986895.0588235294,268421296.0,267775296.0,1035.5885602372362,1031.6683401441694,998.4339983606085,998.4866686428381,2067.2569003814056,3849021.795091814,3839758.491037022,3849224.842128061,7688780.286128836,3.8490217950918137,3.839758491037022,3.849224842128061,7.688780286128836,60.9548,69.8492,27.6649,2712697.9298,1993617.6727,353.7776,500.959,25.6311,12.298,0.0,353.7776,0.0,353.7776,500.959,computation
/home/1755_project/presentation/cpu/compaction_parallelism/final-speedup-cpu-8mb-sst_32sst/sst_8MB/input_32sst/value_256/subcomp_16/repeat_01,compactall,compactall,compaction_wall_sum,0.351712,rocksdb.compaction.times.micros,351712.0,1,8,256,32,input_32sst,256,16,16,5,1,1,986896,268435456,38,278410014,278605867,1,16.0,16,0.351712,1.158254,0.0,0.22534579300000002,0.0,64.07111301291967,35.92888698708033,329.31887453370933,278410014.0,277366043.0,986843.0,984468.0,986895.0588235294,268421296.0,267775296.0,754.9144748604099,752.0837260381549,727.8298607146747,727.8682558456919,1506.9982008985646,2805826.9265762893,2799074.242562096,2805974.9420648976,5604901.169138386,2.805826926576289,2.7990742425620962,2.8059749420648976,5.604901169138386,63.5801,72.9415,49.2841,3271986.1837,1696400.3969,499.3684,785.2677,37.8156,21.8725,0.0,499.3684,0.0,499.3684,785.2677,write
/home/1755_project/presentation/cpu/compaction_parallelism/final-speedup-cpu-8mb-sst_32sst/sst_8MB/input_32sst/value_256/subcomp_16/repeat_02,compactall,compactall,compaction_wall_sum,0.358894,rocksdb.compaction.times.micros,358894.0,1,8,256,32,input_32sst,256,16,16,5,2,1,986896,268435456,38,278410014,278605867,1,16.0,16,0.358894,1.206314,0.0,0.144484511,0.0,40.25826873673007,59.74173126326993,336.119857116586,278410014.0,277366043.0,986843.0,984468.0,986895.0588235294,268421296.0,267775296.0,739.8075191619378,737.033417812311,713.2649082227056,713.3025350103374,1476.8409369742487,2749678.177957837,2743060.6251427997,2749823.2314374982,5492738.803100637,2.749678177957837,2.7430606251427996,2.749823231437498,5.492738803100637,66.2948,73.665,59.2932,3466768.866,1743701.7924,536.0085,1012.8664,39.2719,25.6929,0.0,536.0085,0.0,536.0085,1012.8664,computation
/home/1755_project/presentation/cpu/compaction_parallelism/final-speedup-cpu-8mb-sst_32sst/sst_8MB/input_32sst/value_256/subcomp_16/repeat_03,compactall,compactall,compaction_wall_sum,0.348849,rocksdb.compaction.times.micros,348849.0,1,8,256,32,input_32sst,256,16,16,5,3,1,986896,268435456,38,278410014,278605867,1,16.0,16,0.348849,1.166014,0.0,0.185650477,0.0,53.218004638109896,46.781995361890104,334.2460491502054,278410014.0,277366043.0,986843.0,984468.0,986895.0588235294,268421296.0,267775296.0,761.110049855681,758.2560691082145,733.8031525722581,733.8418628117035,1519.3661189638956,2828854.318057383,2822046.2148379385,2829003.548307518,5650900.532895321,2.828854318057383,2.8220462148379384,2.829003548307518,5.650900532895321,66.627,78.338,52.3516,3462987.9461,1738948.9751,544.8942,1054.0346,38.8198,24.8123,0.0,544.8942,0.0,544.8942,1054.0346,write
/home/1755_project/presentation/cpu/compaction_parallelism/final-speedup-cpu-8mb-sst_32sst/sst_8MB/input_32sst/value_256/subcomp_16/repeat_04,compactall,compactall,compaction_wall_sum,0.353902,rocksdb.compaction.times.micros,353902.0,1,8,256,32,input_32sst,256,16,16,5,4,1,986896,268435456,38,278410014,278605867,1,16.0,16,0.353902,1.121328,0.0,0.22183360500000002,0.0,62.682212872490126,37.317787127509874,316.8470367502868,278410014.0,277366043.0,986843.0,984468.0,986895.0588235294,268421296.0,267775296.0,750.2429479971984,747.4297162839756,723.3259376089417,723.3640951449837,1497.672664281174,2788464.0380670354,2781753.1406999677,2788611.137613038,5570217.178767003,2.7884640380670356,2.781753140699968,2.7886111376130382,5.570217178767003,64.3869,71.0591,54.3406,3447884.2832,1739109.6052,548.9487,1056.5191,37.9337,24.3769,0.0,548.9487,0.0,548.9487,1056.5191,write
/home/1755_project/presentation/cpu/compaction_parallelism/final-speedup-cpu-8mb-sst_32sst/sst_8MB/input_32sst/value_256/subcomp_16/repeat_05,compactall,compactall,compaction_wall_sum,0.346,rocksdb.compaction.times.micros,346000.0,1,8,256,32,input_32sst,256,16,16,5,5,1,986896,268435456,38,278410014,278605867,1,16.0,16,0.346,1.250881,0.0,0.19519166599999999,0.0,56.413776300578036,43.586223699421964,361.5263005780347,278410014.0,277366043.0,986843.0,984468.0,986895.0588235294,268421296.0,267775296.0,767.3771091968339,764.4996284749467,739.8453640799992,739.8843930635838,1531.8767376717806,2852147.398843931,2845283.23699422,2852297.8578714724,5697430.635838151,2.852147398843931,2.84528323699422,2.852297857871472,5.697430635838151,67.5808,86.9357,57.8115,3349408.9926,1707380.4749,484.9096,824.3141,36.9725,29.3533,0.0,484.9096,0.0,484.9096,824.3141,write
/home/1755_project/presentation/cpu/compaction_parallelism/final-speedup-cpu-8mb-sst_32sst/sst_8MB/input_32sst/value_256/subcomp_32/repeat_01,compactall,compactall,compaction_wall_sum,0.648935,rocksdb.compaction.times.micros,648935.0,1,8,256,32,input_32sst,256,16,32,5,1,1,986896,268435456,38,278410014,278605867,1,32.0,32,0.648935,1.602626,0.0,0.303289884,0.0,46.73655820690824,53.26344179309176,246.96248468644782,278410014.0,277386593.0,986843.0,984468.0,986895.0588235294,268421296.0,267775296.0,409.15111649410875,407.64709787503165,394.4717051348435,394.49251465863296,816.7982143691404,1520711.627512771,1517051.7848474807,1520791.8494510688,3037763.4123602514,1.520711627512771,1.5170517848474807,1.5207918494510688,3.0377634123602513,56.9386,80.5358,101.3845,3363261.5884,823547.5537,442.4686,1106.7793,32.0828,27.7782,0.0,442.4686,0.0,442.4686,1106.7793,computation
/home/1755_project/presentation/cpu/compaction_parallelism/final-speedup-cpu-8mb-sst_32sst/sst_8MB/input_32sst/value_256/subcomp_32/repeat_02,compactall,compactall,compaction_wall_sum,0.596976,rocksdb.compaction.times.micros,596976.0,1,8,256,32,input_32sst,256,16,32,5,2,1,986896,268435456,38,278410014,278605867,1,32.0,32,0.596976,1.346397,0.0,0.360573021,0.0,60.39991909222482,39.60008090777518,225.53620246040046,278410014.0,277386593.0,986843.0,984468.0,986895.0588235294,268421296.0,267775296.0,444.7624021436448,443.1274782563013,428.80533886065723,428.82795958296487,887.8898803999462,1653069.805151296,1649091.4207606337,1653157.0093664227,3302161.2259119297,1.653069805151296,1.6490914207606338,1.6531570093664227,3.30216122591193,52.3219,75.4487,125.9074,3445760.0344,878612.5868,370.9707,926.9489,30.3109,29.8008,0.0,370.9707,0.0,370.9707,926.9489,write
/home/1755_project/presentation/cpu/compaction_parallelism/final-speedup-cpu-8mb-sst_32sst/sst_8MB/input_32sst/value_256/subcomp_32/repeat_03,compactall,compactall,compaction_wall_sum,0.580094,rocksdb.compaction.times.micros,580094.0,1,8,256,32,input_32sst,256,16,32,5,3,1,986896,268435456,38,278410014,278605867,1,32.0,32,0.580094,1.365117,0.0,0.37540708,0.0,64.71487034859868,35.28512965140132,235.32686081910862,278410014.0,277386593.0,986843.0,984468.0,986895.0588235294,268421296.0,267775296.0,457.70595762428934,456.02345388770385,441.2845090135042,441.30778804814395,913.7294115119932,1701177.7401593535,1697083.5761100787,1701267.4822072447,3398261.316269432,1.7011777401593535,1.6970835761100787,1.7012674822072447,3.398261316269432,63.4064,80.7229,120.5415,4063015.9735,953775.0416,427.7688,977.3261,33.1024,32.6858,0.0,427.7688,0.0,427.7688,977.3261,write
/home/1755_project/presentation/cpu/compaction_parallelism/final-speedup-cpu-8mb-sst_32sst/sst_8MB/input_32sst/value_256/subcomp_32/repeat_04,compactall,compactall,compaction_wall_sum,0.580797,rocksdb.compaction.times.micros,580797.0,1,8,256,32,input_32sst,256,16,32,5,4,1,986896,268435456,38,278410014,278605867,1,32.0,32,0.580797,1.422603,0.0,0.262337668,0.0,45.16856457591896,54.83143542408104,244.9397982427595,278410014.0,277386593.0,986843.0,984468.0,986895.0588235294,268421296.0,267775296.0,457.15194772373906,455.4714804992686,440.7503757279733,440.77362658553676,912.6234282230076,1699118.624924027,1695029.4164742585,1699208.2583476317,3394148.0413982854,1.6991186249240269,1.6950294164742585,1.6992082583476316,3.3941480413982856,64.2382,80.2416,111.1024,4095498.4839,943618.0067,444.5922,966.1325,34.7585,30.6035,0.0,444.5922,0.0,444.5922,966.1325,computation
/home/1755_project/presentation/cpu/compaction_parallelism/final-speedup-cpu-8mb-sst_32sst/sst_8MB/input_32sst/value_256/subcomp_32/repeat_05,compactall,compactall,compaction_wall_sum,0.638009,rocksdb.compaction.times.micros,638009.0,1,8,256,32,input_32sst,256,16,32,5,5,1,986896,268435456,38,278410014,278605867,1,32.0,32,0.638009,1.183413,0.0,0.266371289,0.0,41.750396781236624,58.249603218763376,185.48531447048552,278410014.0,277386593.0,986843.0,984468.0,986895.0588235294,268421296.0,267775296.0,416.1578908480985,414.62811568415754,401.22709236339875,401.2482582534102,830.786006532256,1546754.0426545707,1543031.5246336649,1546835.638405617,3089785.5672882353,1.5467540426545707,1.5430315246336648,1.546835638405617,3.0897855672882355,53.1566,80.805,114.6646,3434363.3018,832921.5026,371.7606,980.7126,27.9899,29.8868,0.0,371.7606,0.0,371.7606,980.7126,computation
/home/1755_project/presentation/cpu/compaction_parallelism/final-speedup-cpu-8mb-sst_32sst/sst_8MB/input_32sst/value_512/subcomp_1/repeat_01,compactall,compactall,compaction_wall_sum,0.411073,rocksdb.compaction.times.micros,411073.0,1,8,256,32,input_32sst,512,16,1,5,1,1,508401,268435456,36,273802891,273990951,1,1.0,1,0.411073,0.209623,0.14963759,0.05181241,36.40170723934678,12.60418709085734,50.994105669795886,50.99410566979587,273802891.0,273288099.0,508379.0,507739.0,508400.48484848486,268424112.0,268086192.0,635.2126870518861,634.0183884511719,622.7341166132406,622.7604342780966,1269.2310755030578,1236712.214132283,1235155.3130465879,1236764.4794196768,2471867.527178871,1.236712214132283,1.2351553130465878,1.2367644794196768,2.471867527178871,40.0227,43.765,3.2913,661655.5763,1315640.1717,59.6599,59.7493,4.0636,2.1866,0.0,59.6599,0.0,59.6599,59.7493,computation
/home/1755_project/presentation/cpu/compaction_parallelism/final-speedup-cpu-8mb-sst_32sst/sst_8MB/input_32sst/value_512/subcomp_1/repeat_02,compactall,compactall,compaction_wall_sum,0.409089,rocksdb.compaction.times.micros,409089.0,1,8,256,32,input_32sst,512,16,1,5,2,1,508401,268435456,36,273802891,273990951,1,1.0,1,0.409089,0.210075,0.146885379,0.052128621,35.90548242558466,12.74261126551924,51.35190630889609,51.35190630889611,273802891.0,273288099.0,508379.0,507739.0,508400.48484848486,268424112.0,268086192.0,638.2933418021017,637.0932510915438,625.7542527874245,625.7806980877023,1275.3865928936457,1242710.0215356562,1241145.569790437,1242762.5402992622,2483855.591326093,1.2427100215356561,1.2411455697904368,1.2427625402992621,2.4838555913260927,39.0338,39.8078,3.3937,658194.6297,1320749.732,62.1555,69.6099,4.2129,2.0274,0.0,62.1556,0.0,62.1556,69.6099,computation
/home/1755_project/presentation/cpu/compaction_parallelism/final-speedup-cpu-8mb-sst_32sst/sst_8MB/input_32sst/value_512/subcomp_1/repeat_03,compactall,compactall,compaction_wall_sum,0.413333,rocksdb.compaction.times.micros,413333.0,1,8,256,32,input_32sst,512,16,1,5,3,1,508401,268435456,36,273802891,273990951,1,1.0,1,0.413333,0.212009,0.14778121,0.05354279,35.75354738189305,12.953911253154235,51.292541364952726,51.29254136495271,273802891.0,273288099.0,508379.0,507739.0,508400.48484848486,268424112.0,268086192.0,631.739505203988,630.5517367250826,619.3291644232488,619.3553381897889,1262.2912419290706,1229950.185443698,1228401.7970982234,1230002.1649577576,2458351.9825419215,1.229950185443698,1.2284017970982233,1.2300021649577575,2.4583519825419216,44.2587,46.774,3.4387,662757.4918,1310720.2662,59.6715,69.5448,4.0557,2.1836,0.0,59.6715,0.0,59.6715,69.5448,computation
/home/1755_project/presentation/cpu/compaction_parallelism/final-speedup-cpu-8mb-sst_32sst/sst_8MB/input_32sst/value_512/subcomp_1/repeat_04,compactall,compactall,compaction_wall_sum,0.419007,rocksdb.compaction.times.micros,419007.0,1,8,256,32,input_32sst,512,16,1,5,4,1,508401,268435456,36,273802891,273990951,1,1.0,1,0.419007,0.209084,0.157099179,0.05282382100000001,37.4932110919388,12.606906567193391,49.89988234086781,49.899882340867805,273802891.0,273288099.0,508379.0,507739.0,508400.48484848486,268424112.0,268086192.0,623.1847795012493,622.0130952365678,610.942493845102,610.9683131785388,1245.197874737817,1213294.765958564,1211767.3451756176,1213346.0415899612,2425062.1111341813,1.2132947659585638,1.2117673451756177,1.213346041589961,2.4250621111341815,42.5151,44.7956,3.6424,658171.7161,1292818.6098,59.6669,69.579,3.9063,2.1866,0.0,59.6669,0.0,59.6669,69.579,computation
/home/1755_project/presentation/cpu/compaction_parallelism/final-speedup-cpu-8mb-sst_32sst/sst_8MB/input_32sst/value_512/subcomp_1/repeat_05,compactall,compactall,compaction_wall_sum,0.426348,rocksdb.compaction.times.micros,426348.0,1,8,256,32,input_32sst,512,16,1,5,5,1,508401,268435456,36,273802891,273990951,1,1.0,1,0.426348,0.2258,0.147110785,0.053437214999999996,34.504861052473565,12.533708379070617,52.961430568455825,52.96143056845581,273802891.0,273288099.0,508379.0,507739.0,508400.48484848486,268424112.0,268086192.0,612.4545791336654,611.3030693137732,600.4230851758532,600.4484599435203,1223.7576484474387,1192403.857881355,1190902.7367314964,1192454.2506320772,2383306.5946128513,1.1924038578813552,1.1909027367314964,1.1924542506320772,2.383306594612851,37.7833,43.6927,3.408,658038.5423,1275766.7746,62.1426,69.5111,5.1437,2.0284,0.0,62.1426,0.0,62.1426,69.5111,computation
/home/1755_project/presentation/cpu/compaction_parallelism/final-speedup-cpu-8mb-sst_32sst/sst_8MB/input_32sst/value_512/subcomp_2/repeat_01,compactall,compactall,compaction_wall_sum,0.252645,rocksdb.compaction.times.micros,252645.0,1,8,256,32,input_32sst,512,16,2,5,1,1,508401,268435456,36,273802891,273990951,1,2.0,2,0.252645,0.214359,0.0,0.053122493,0.0,21.026536444418056,78.97346355558194,84.84593005996555,273802891.0,273289312.0,508379.0,507739.0,508400.48484848486,268424112.0,268086192.0,1033.5402834193433,1031.6016457983906,1013.2366819788822,1013.2795028597438,2065.141929217734,2012226.6421263036,2009693.4433691544,2012311.6818004902,4021920.085495458,2.0122266421263038,2.0096934433691542,2.0123116818004902,4.0219200854954575,61.6899,62.7439,10.8875,1297155.5984,2284486.1295,109.4483,109.5529,7.4714,4.9848,0.0,109.4483,0.0,109.4483,109.5529,computation
/home/1755_project/presentation/cpu/compaction_parallelism/final-speedup-cpu-8mb-sst_32sst/sst_8MB/input_32sst/value_512/subcomp_2/repeat_02,compactall,compactall,compaction_wall_sum,0.248165,rocksdb.compaction.times.micros,248165.0,1,8,256,32,input_32sst,512,16,2,5,2,1,508401,268435456,36,273802891,273990951,1,2.0,2,0.248165,0.224381,0.0,0.058078864,0.0,23.403326012934944,76.59667398706506,90.41605383515,273802891.0,273289312.0,508379.0,507739.0,508400.48484848486,268424112.0,268086192.0,1052.1982749560977,1050.2246400690442,1031.5281426412052,1031.5717365462494,2102.422915025142,2048552.3744283037,2045973.445086938,2048638.949281667,4094525.819515242,2.048552374428304,2.045973445086938,2.048638949281667,4.094525819515241,56.6703,56.71,9.0483,1316715.565,2310280.4338,109.3567,119.2223,7.5216,4.7032,0.0,109.3567,0.0,109.3567,119.2223,computation
/home/1755_project/presentation/cpu/compaction_parallelism/final-speedup-cpu-8mb-sst_32sst/sst_8MB/input_32sst/value_512/subcomp_2/repeat_03,compactall,compactall,compaction_wall_sum,0.244544,rocksdb.compaction.times.micros,244544.0,1,8,256,32,input_32sst,512,16,2,5,3,1,508401,268435456,36,273802891,273990951,1,2.0,2,0.244544,0.211777,0.0,0.057395913,0.0,23.470587297173516,76.52941270282648,86.6007753205967,273802891.0,273289312.0,508379.0,507739.0,508400.48484848486,268424112.0,268086192.0,1067.7783339786704,1065.775475181294,1046.8021358878348,1046.8463752944256,2133.553809159964,2078885.5993195497,2076268.4833813137,2078973.4560998627,4155154.0827008635,2.0788855993195496,2.076268483381314,2.0789734560998627,4.1551540827008635,57.6394,60.5129,8.7184,1280879.3405,2353816.0478,114.2869,119.0417,7.5183,4.6997,0.0,114.2869,0.0,114.2869,119.0417,computation
/home/1755_project/presentation/cpu/compaction_parallelism/final-speedup-cpu-8mb-sst_32sst/sst_8MB/input_32sst/value_512/subcomp_2/repeat_04,compactall,compactall,compaction_wall_sum,0.253139,rocksdb.compaction.times.micros,253139.0,1,8,256,32,input_32sst,512,16,2,5,4,1,508401,268435456,36,273802891,273990951,1,2.0,2,0.253139,0.215733,0.0,0.057346146,0.0,22.65401459277314,77.34598540722686,85.22313827580894,273802891.0,273289312.0,508379.0,507739.0,508400.48484848486,268424112.0,268086192.0,1031.5233326531272,1029.588478277683,1011.25935363004,1011.302090946081,2061.11181093081,2008299.7878635847,2005771.5326362196,2008384.661583102,4014071.3204998043,2.0082997878635847,2.0057715326362198,2.008384661583102,4.014071320499804,58.6812,59.6464,10.3699,1291711.7606,2269258.7063,109.3966,129.2339,7.2018,5.0161,0.0,109.3967,0.0,109.3967,129.2339,computation
/home/1755_project/presentation/cpu/compaction_parallelism/final-speedup-cpu-8mb-sst_32sst/sst_8MB/input_32sst/value_512/subcomp_2/repeat_05,compactall,compactall,compaction_wall_sum,0.249305,rocksdb.compaction.times.micros,249305.0,1,8,256,32,input_32sst,512,16,2,5,5,1,508401,268435456,36,273802891,273990951,1,2.0,2,0.249305,0.213066,0.0,0.053930461000000006,0.0,21.632322255871326,78.36767774412867,85.46398989189949,273802891.0,273289312.0,508379.0,507739.0,508400.48484848486,268424112.0,268086192.0,1047.3868751307834,1045.4222651079376,1026.8112613808576,1026.854655943523,2092.8091402387213,2039184.9341168448,2036617.797476986,2039271.113088325,4075802.731593831,2.039184934116845,2.036617797476986,2.0392711130883248,4.075802731593831,51.2208,52.7501,9.0961,1313092.8331,2301224.0474,109.4086,119.4342,8.0746,4.6584,0.0,109.4086,0.0,109.4086,119.4342,computation
/home/1755_project/presentation/cpu/compaction_parallelism/final-speedup-cpu-8mb-sst_32sst/sst_8MB/input_32sst/value_512/subcomp_4/repeat_01,compactall,compactall,compaction_wall_sum,0.176594,rocksdb.compaction.times.micros,176594.0,1,8,256,32,input_32sst,512,16,4,5,1,1,508401,268435456,36,273802891,273990951,1,4.0,4,0.176594,0.234143,0.0,0.066093648,0.0,37.42689332593407,62.57310667406593,132.58830990860392,273802891.0,273289188.0,508379.0,507739.0,508400.48484848486,268424112.0,268086192.0,1478.6390528810716,1475.8648626064257,1449.591614202944,1449.6528760886554,2954.5039154874976,2878801.0917698224,2875176.9595796005,2878922.7541620038,5753978.051349423,2.8788010917698226,2.8751769595796004,2.8789227541620037,5.7539780513494225,75.6363,75.6363,28.0352,2642652.4094,3196509.1064,139.33,139.33,11.3924,12.0253,0.0,139.33,0.0,139.33,139.33,computation
/home/1755_project/presentation/cpu/compaction_parallelism/final-speedup-cpu-8mb-sst_32sst/sst_8MB/input_32sst/value_512/subcomp_4/repeat_02,compactall,compactall,compaction_wall_sum,0.180138,rocksdb.compaction.times.micros,180138.0,1,8,256,32,input_32sst,512,16,4,5,2,1,508401,268435456,36,273802891,273990951,1,4.0,4,0.180138,0.236845,0.0,0.070709567,0.0,39.25299881202189,60.74700118797811,131.4797544105075,273802891.0,273289188.0,508379.0,507739.0,508400.48484848486,268424112.0,268086192.0,1449.5485955460813,1446.8289841517012,1421.0726305307858,1421.1326871620647,2896.3775796977825,2822164.118620169,2818611.2869022638,2822283.387450093,5640775.405522433,2.8221641186201687,2.818611286902264,2.822283387450093,5.640775405522433,75.6247,75.6247,28.9065,2577681.785,2918435.6,139.3086,139.3086,10.6918,12.5786,0.0,139.3086,0.0,139.3086,139.3086,computation
/home/1755_project/presentation/cpu/compaction_parallelism/final-speedup-cpu-8mb-sst_32sst/sst_8MB/input_32sst/value_512/subcomp_4/repeat_03,compactall,compactall,compaction_wall_sum,0.173747,rocksdb.compaction.times.micros,173747.0,1,8,256,32,input_32sst,512,16,4,5,3,1,508401,268435456,36,273802891,273990951,1,4.0,4,0.173747,0.238324,0.0,0.067182601,0.0,38.66691281000535,61.33308718999465,137.1672604419069,273802891.0,273289188.0,508379.0,507739.0,508400.48484848486,268424112.0,268086192.0,1502.8678763056625,1500.04822844204,1473.3444693638144,1473.4067350803177,3002.916104747703,2925972.8225523317,2922289.305714631,2926096.4784916276,5848262.128266962,2.925972822552332,2.922289305714631,2.9260964784916275,5.8482621282669625,80.6248,80.6248,28.2884,2665671.4971,3204131.018,139.3516,139.3516,10.6918,12.5786,0.0,139.3516,0.0,139.3516,139.3516,computation
/home/1755_project/presentation/cpu/compaction_parallelism/final-speedup-cpu-8mb-sst_32sst/sst_8MB/input_32sst/value_512/subcomp_4/repeat_04,compactall,compactall,compaction_wall_sum,0.177977,rocksdb.compaction.times.micros,177977.0,1,8,256,32,input_32sst,512,16,4,5,4,1,508401,268435456,36,273802891,273990951,1,4.0,4,0.177977,0.238843,0.0,0.06575322,0.0,36.94478500030903,63.05521499969097,134.1988009686645,273802891.0,273289188.0,508379.0,507739.0,508400.48484848486,268424112.0,268086192.0,1467.1490411934126,1464.3964082275752,1438.3273204883478,1438.3881063283459,2931.5454494209876,2856430.887137102,2852834.9168712813,2856551.6041313475,5709265.804008383,2.856430887137102,2.852834916871281,2.8565516041313477,5.709265804008384,82.5934,82.5934,27.2658,2616052.794,3130470.6339,149.2653,149.2653,11.3208,11.3208,0.0,149.2653,0.0,149.2653,149.2653,computation
/home/1755_project/presentation/cpu/compaction_parallelism/final-speedup-cpu-8mb-sst_32sst/sst_8MB/input_32sst/value_512/subcomp_4/repeat_05,compactall,compactall,compaction_wall_sum,0.174673,rocksdb.compaction.times.micros,174673.0,1,8,256,32,input_32sst,512,16,4,5,5,1,508401,268435456,36,273802891,273990951,1,4.0,4,0.174673,0.235991,0.0,0.06747795699999999,0.0,38.63101738677414,61.36898261322586,135.10445231947696,273802891.0,273289188.0,508379.0,507739.0,508400.48484848486,268424112.0,268086192.0,1494.9006709936853,1492.095971026542,1465.5337775074265,1465.5957131325392,2986.9966420202272,2910461.261900809,2906797.2726179776,2910584.2622986087,5817258.534518787,2.9104612619008092,2.9067972726179776,2.9105842622986087,5.817258534518786,80.6103,80.6103,27.0094,2612888.071,3201402.9136,159.2302,159.2302,12.0253,10.7595,0.0,159.2302,0.0,159.2302,159.2302,computation
/home/1755_project/presentation/cpu/compaction_parallelism/final-speedup-cpu-8mb-sst_32sst/sst_8MB/input_32sst/value_512/subcomp_8/repeat_01,compactall,compactall,compaction_wall_sum,0.213946,rocksdb.compaction.times.micros,213946.0,1,8,256,32,input_32sst,512,16,8,5,1,1,508401,268435456,36,273802891,273990951,1,8.0,8,0.213946,0.545221,0.0,0.110349417,0.0,51.57816318136352,48.42183681863648,254.84047376440785,273802891.0,273293810.0,508379.0,507739.0,508400.48484848486,268424112.0,268086192.0,1220.489211784656,1218.219959381384,1196.5130524457325,1196.5636188570948,2438.70917116604,2376202.406214652,2373210.9971675095,2376302.828042987,4749413.403382162,2.3762024062146523,2.3732109971675097,2.376302828042987,4.749413403382162,71.8358,83.2612,33.0112,2553685.1546,2564540.8152,262.5123,356.5199,23.8635,16.4829,0.0,262.5124,0.0,262.5124,356.5199,write
/home/1755_project/presentation/cpu/compaction_parallelism/final-speedup-cpu-8mb-sst_32sst/sst_8MB/input_32sst/value_512/subcomp_8/repeat_02,compactall,compactall,compaction_wall_sum,0.220651,rocksdb.compaction.times.micros,220651.0,1,8,256,32,input_32sst,512,16,8,5,2,1,508401,268435456,36,273802891,273990951,1,8.0,8,0.220651,0.528596,0.0,0.110540116,0.0,50.09726491155716,49.90273508844284,239.56202328564106,273802891.0,273293810.0,508379.0,507739.0,508400.48484848486,268424112.0,268086192.0,1183.4017743154573,1181.2014784877908,1160.1541870127699,1160.2032168447004,2364.6032528032483,2303995.9030323904,2301095.3949902784,2304093.2733070995,4605091.298022669,2.30399590303239,2.3010953949902784,2.3040932733070996,4.605091298022669,65.2107,82.1463,30.7263,2438296.3487,2556491.8335,305.8416,423.6375,24.9804,14.7967,0.0,305.8416,0.0,305.8416,423.6375,write
/home/1755_project/presentation/cpu/compaction_parallelism/final-speedup-cpu-8mb-sst_32sst/sst_8MB/input_32sst/value_512/subcomp_8/repeat_03,compactall,compactall,compaction_wall_sum,0.243755,rocksdb.compaction.times.micros,243755.0,1,8,256,32,input_32sst,512,16,8,5,3,1,508401,268435456,36,273802891,273990951,1,8.0,8,0.243755,0.679789,0.0,0.121821662,0.0,49.97709257246005,50.02290742753995,278.88207421386227,273802891.0,273293810.0,508379.0,507739.0,508400.48484848486,268424112.0,268086192.0,1071.2345794116222,1069.242835756434,1050.1904843738782,1050.2348669770877,2140.4774151680563,2085614.6540583782,2082989.0668909356,2085702.7952184975,4168603.720949314,2.085614654058378,2.0829890668909354,2.0857027952184977,4.168603720949314,63.9814,76.5778,30.7662,2471755.3796,2185105.713,384.8114,592.9049,27.0402,13.779,0.0,384.8115,0.0,384.8115,592.9049,computation
/home/1755_project/presentation/cpu/compaction_parallelism/final-speedup-cpu-8mb-sst_32sst/sst_8MB/input_32sst/value_512/subcomp_8/repeat_04,compactall,compactall,compaction_wall_sum,0.210204,rocksdb.compaction.times.micros,210204.0,1,8,256,32,input_32sst,512,16,8,5,4,1,508401,268435456,36,273802891,273990951,1,8.0,8,0.210204,0.45223,0.0,0.097383791,0.0,46.328229243972515,53.671770756027485,215.13862723830184,273802891.0,273293810.0,508379.0,507739.0,508400.48484848486,268424112.0,268086192.0,1242.2160610858023,1239.9064120083804,1217.8130840448073,1217.86455062701,2482.1224730941826,2418502.9780594087,2415458.3166828416,2418605.1875724765,4833961.29474225,2.4185029780594087,2.415458316682842,2.4186051875724766,4.83396129474225,68.479,78.3907,33.3681,2516524.9647,2606642.41,213.3909,258.093,22.2706,17.0333,0.0,213.3909,0.0,213.3909,258.093,computation
/home/1755_project/presentation/cpu/compaction_parallelism/final-speedup-cpu-8mb-sst_32sst/sst_8MB/input_32sst/value_512/subcomp_8/repeat_05,compactall,compactall,compaction_wall_sum,0.215245,rocksdb.compaction.times.micros,215245.0,1,8,256,32,input_32sst,512,16,8,5,5,1,508401,268435456,36,273802891,273990951,1,8.0,8,0.215245,0.492526,0.0,0.097155557,0.0,45.137195753676046,54.862804246323954,228.82111082719692,273802891.0,273293810.0,508379.0,507739.0,508400.48484848486,268424112.0,268086192.0,1213.123579662617,1210.8680221599088,1189.2921160470844,1189.3423772909941,2423.991601822526,2361862.0641594464,2358888.7082162187,2361961.879943715,4720750.772375665,2.3618620641594466,2.358888708216219,2.3619618799437148,4.7207507723756645,72.9468,80.3925,33.551,2537487.316,2593033.9124,263.0024,347.3548,24.6319,16.9147,0.0,263.0024,0.0,263.0024,347.3548,computation
/home/1755_project/presentation/cpu/compaction_parallelism/final-speedup-cpu-8mb-sst_32sst/sst_8MB/input_32sst/value_512/subcomp_16/repeat_01,compactall,compactall,compaction_wall_sum,0.33284,rocksdb.compaction.times.micros,332840.0,1,8,256,32,input_32sst,512,16,16,5,1,1,508401,268435456,36,273802891,273990951,1,16.0,16,0.33284,1.036064,0.0,0.178439286,0.0,53.61113027280374,46.38886972719626,311.2798942434804,273802891.0,273304057.0,508379.0,507739.0,508400.48484848486,268424112.0,268086192.0,784.5174405254176,783.0881496530759,769.105821170997,769.1383247205864,1567.6055901784935,1527397.5483715897,1525474.7025597885,1527462.0984511622,3052872.250931378,1.5273975483715898,1.5254747025597886,1.5274620984511622,3.052872250931378,61.2638,78.9,50.5505,3146496.5143,1686757.1887,350.6792,534.3614,35.8271,23.0803,0.0,350.6792,0.0,350.6792,534.3614,write
/home/1755_project/presentation/cpu/compaction_parallelism/final-speedup-cpu-8mb-sst_32sst/sst_8MB/input_32sst/value_512/subcomp_16/repeat_02,compactall,compactall,compaction_wall_sum,0.324917,rocksdb.compaction.times.micros,324917.0,1,8,256,32,input_32sst,512,16,16,5,2,1,508401,268435456,36,273802891,273990951,1,16.0,16,0.324917,1.012933,0.0,0.195455385,0.0,60.15548124597975,39.84451875402025,311.7513087957848,273802891.0,273304057.0,508379.0,507739.0,508400.48484848486,268424112.0,268086192.0,803.6476543378154,802.1835106520427,787.8602274382524,787.8935235767904,1605.8311649898583,1564642.6625876762,1562672.9287787343,1564708.7867008646,3127315.5913664103,1.5646426625876761,1.5626729287787342,1.5647087867008647,3.1273155913664104,64.7542,79.9739,57.3638,3119291.6668,1688263.1299,255.5278,442.0764,31.8752,25.8298,0.0,255.5278,0.0,255.5278,442.0764,write
/home/1755_project/presentation/cpu/compaction_parallelism/final-speedup-cpu-8mb-sst_32sst/sst_8MB/input_32sst/value_512/subcomp_16/repeat_03,compactall,compactall,compaction_wall_sum,0.322592,rocksdb.compaction.times.micros,322592.0,1,8,256,32,input_32sst,512,16,16,5,3,1,508401,268435456,36,273802891,273990951,1,16.0,16,0.322592,1.05499,0.0,0.220138683,0.0,68.24058966124392,31.759410338756084,327.03538835432994,273802891.0,273304057.0,508379.0,507739.0,508400.48484848486,268424112.0,268086192.0,809.4397409250074,807.9650447950655,793.5385301512582,793.5720662632675,1617.404785720073,1575919.4276361472,1573935.497470489,1575986.0283221062,3149854.9251066362,1.5759194276361472,1.573935497470489,1.5759860283221063,3.149854925106636,60.1881,76.9013,50.7566,3142226.6025,1700312.4562,457.5311,730.2589,36.4828,23.4268,0.0,457.5311,0.0,457.5311,730.2589,write
/home/1755_project/presentation/cpu/compaction_parallelism/final-speedup-cpu-8mb-sst_32sst/sst_8MB/input_32sst/value_512/subcomp_16/repeat_04,compactall,compactall,compaction_wall_sum,0.326968,rocksdb.compaction.times.micros,326968.0,1,8,256,32,input_32sst,512,16,16,5,4,1,508401,268435456,36,273802891,273990951,1,16.0,16,0.326968,1.106125,0.0,0.207912972,0.0,63.58817131951751,36.41182868048249,338.2976315725087,273802891.0,273304057.0,508379.0,507739.0,508400.48484848486,268424112.0,268086192.0,798.6065453025373,797.1515858754673,782.918149539266,782.9512368182819,1595.7581311780045,1554827.9954001615,1552870.6173081158,1554893.7047309978,3107698.6127082775,1.5548279954001616,1.552870617308116,1.5548937047309979,3.1076986127082775,63.0573,77.8564,52.747,3106829.8861,1689516.7176,344.7792,474.9932,35.757,23.4341,0.0,344.7791,0.0,344.7791,474.9932,write
/home/1755_project/presentation/cpu/compaction_parallelism/final-speedup-cpu-8mb-sst_32sst/sst_8MB/input_32sst/value_512/subcomp_16/repeat_05,compactall,compactall,compaction_wall_sum,0.327058,rocksdb.compaction.times.micros,327058.0,1,8,256,32,input_32sst,512,16,16,5,5,1,508401,268435456,36,273802891,273990951,1,16.0,16,0.327058,0.996948,0.0,0.23355148,0.0,71.4098049887176,28.590195011282404,304.8229977557497,273802891.0,273304057.0,508379.0,507739.0,508400.48484848486,268424112.0,268086192.0,798.3867843149532,796.9322252644172,782.7027056930413,782.7357838670816,1595.3190095793705,1554400.136978762,1552443.2975190943,1554465.8282276685,3106843.4344978565,1.554400136978762,1.5524432975190943,1.5544658282276684,3.1068434344978564,67.6976,77.5919,41.0368,3142812.3981,1695964.2296,471.8004,763.3432,35.57,17.3418,0.0,471.8004,0.0,471.8004,763.3432,write
/home/1755_project/presentation/cpu/compaction_parallelism/final-speedup-cpu-8mb-sst_32sst/sst_8MB/input_32sst/value_512/subcomp_32/repeat_01,compactall,compactall,compaction_wall_sum,0.609657,rocksdb.compaction.times.micros,609657.0,1,8,256,32,input_32sst,512,16,32,5,1,1,508401,268435456,36,273802891,273990951,1,31.0,31,0.609657,1.095651,0.0,0.30444483899999997,0.0,49.93706936851376,50.06293063148624,179.71597143967836,273802891.0,273323446.0,508379.0,507739.0,508400.48484848486,268424112.0,268086192.0,428.30441527691795,427.5544290016363,419.8904982942125,419.9082434877316,855.8588442785543,833877.0817033184,832827.3110945991,833912.3225821812,1666704.3927979176,0.8338770817033184,0.8328273110945991,0.8339123225821812,1.6667043927979175,54.0461,88.9228,102.4493,3125961.3964,853526.4652,296.5023,748.9926,26.7617,28.0867,0.0,296.5023,0.0,296.5023,748.9926,computation
/home/1755_project/presentation/cpu/compaction_parallelism/final-speedup-cpu-8mb-sst_32sst/sst_8MB/input_32sst/value_512/subcomp_32/repeat_02,compactall,compactall,compaction_wall_sum,0.606107,rocksdb.compaction.times.micros,606107.0,1,8,256,32,input_32sst,512,16,32,5,2,1,508401,268435456,36,273802891,273990951,1,31.0,31,0.606107,1.056853,0.0,0.511417249,0.0,84.37738699602545,15.62261300397455,174.36739717574622,273802891.0,273323446.0,508379.0,507739.0,508400.48484848486,268424112.0,268086192.0,430.81301635598993,430.0586373723626,422.34981862699937,422.3676677550334,860.8716537283526,838761.1428345161,837705.2236651285,838796.5901210264,1676466.3664996445,0.8387611428345161,0.8377052236651285,0.8387965901210264,1.6764663664996444,49.9338,82.6423,113.5301,3148954.4559,869886.11,296.5202,830.121,25.9616,32.1194,0.0,296.5201,0.0,296.5201,830.121,write
/home/1755_project/presentation/cpu/compaction_parallelism/final-speedup-cpu-8mb-sst_32sst/sst_8MB/input_32sst/value_512/subcomp_32/repeat_03,compactall,compactall,compaction_wall_sum,0.608894,rocksdb.compaction.times.micros,608894.0,1,8,256,32,input_32sst,512,16,32,5,3,1,508401,268435456,36,273802891,273990951,1,31.0,31,0.608894,1.126122,0.0,0.455827727,0.0,74.86158953775205,25.138410462247947,184.94549133346692,273802891.0,273323446.0,508379.0,507739.0,508400.48484848486,268424112.0,268086192.0,428.84111997240893,428.09019389557227,420.41665958041085,420.4344270102842,856.9313138679812,834922.0061291456,833870.9200616198,834957.2911680602,1668792.9261907653,0.8349220061291456,0.8338709200616199,0.8349572911680602,1.6687929261907652,48.885,80.9921,111.2052,3116808.4929,860106.5706,355.5547,1008.7503,27.4075,28.2176,0.0,355.5547,0.0,355.5547,1008.7503,write
/home/1755_project/presentation/cpu/compaction_parallelism/final-speedup-cpu-8mb-sst_32sst/sst_8MB/input_32sst/value_512/subcomp_32/repeat_04,compactall,compactall,compaction_wall_sum,0.607822,rocksdb.compaction.times.micros,607822.0,1,8,256,32,input_32sst,512,16,32,5,4,1,508401,268435456,36,273802891,273990951,1,31.0,31,0.607822,1.082827,0.0,0.518504663,0.0,85.30534646656423,14.694653533435769,178.1487014290368,273802891.0,273323446.0,508379.0,507739.0,508400.48484848486,268424112.0,268086192.0,429.5974560060017,428.845205540192,421.1581376102785,421.17593637611014,858.4426615461938,836394.5365584004,835341.5967174601,836429.8838286289,1671736.1332758605,0.8363945365584003,0.8353415967174601,0.8364298838286289,1.6717361332758605,47.3245,77.1086,130.3558,3143491.6952,856349.6006,322.2666,930.5194,25.1151,32.5599,0.0,322.2666,0.0,322.2666,930.5194,write
/home/1755_project/presentation/cpu/compaction_parallelism/final-speedup-cpu-8mb-sst_32sst/sst_8MB/input_32sst/value_512/subcomp_32/repeat_05,compactall,compactall,compaction_wall_sum,0.527928,rocksdb.compaction.times.micros,527928.0,1,8,256,32,input_32sst,512,16,32,5,5,1,508401,268435456,36,273802891,273990951,1,31.0,31,0.527928,0.86915,0.0,0.26087359099999996,0.0,49.41461543998424,50.58538456001576,164.63419254140717,273802891.0,273323446.0,508379.0,507739.0,508400.48484848486,268424112.0,268086192.0,494.6106001281993,493.7445078151767,484.8941172253692,484.9146095679714,988.355107943376,962970.3292873271,961758.0427634072,963011.0258377751,1924728.3720507345,0.9629703292873272,0.9617580427634073,0.9630110258377751,1.9247283720507344,60.2025,82.5031,148.33,3796168.9113,1030544.3576,289.629,564.5383,27.7265,37.1184,0.0,289.629,0.0,289.629,564.5383,computation
/home/1755_project/presentation/cpu/compaction_parallelism/final-speedup-cpu-8mb-sst_32sst/sst_8MB/input_32sst/value_1024/subcomp_1/repeat_01,compactall,compactall,compaction_wall_sum,0.355625,rocksdb.compaction.times.micros,355625.0,1,8,256,32,input_32sst,1024,16,1,5,1,1,258112,268435456,35,271320875,271506921,1,1.0,1,0.355625,0.152162,0.152247003,0.051215997000000006,42.81110804920913,14.40168632688928,42.787205623901585,42.78720562390158,271320875.0,271054439.0,258108.0,257944.0,258111.0153846154,268432320.0,268261760.0,727.5971880277556,726.8826905369549,719.8509926955184,719.8594024604569,1454.4798785647104,725786.9947275922,725325.834797891,725795.4738407462,1451112.8295254833,0.7257869947275922,0.7253258347978909,0.7257954738407462,1.4511128295254834,48.0686,51.6702,4.2735,812995.5744,1522668.1536,56.3555,59.6847,3.75,2.5,0.0,56.3555,0.0,56.3555,59.6847,read
/home/1755_project/presentation/cpu/compaction_parallelism/final-speedup-cpu-8mb-sst_32sst/sst_8MB/input_32sst/value_1024/subcomp_1/repeat_02,compactall,compactall,compaction_wall_sum,0.343173,rocksdb.compaction.times.micros,343173.0,1,8,256,32,input_32sst,1024,16,1,5,2,1,258112,268435456,35,271320875,271506921,1,1.0,1,0.343173,0.145287,0.147133403,0.050752597,42.874411157054894,14.789216226218263,42.33637261672684,42.33637261672684,271320875.0,271054439.0,258108.0,257944.0,258111.0153846154,268432320.0,268261760.0,753.9979835021129,753.2575605371186,745.9707182014429,745.9794331139104,1507.2555440392314,752122.1075084578,751644.2144341192,752130.8942854344,1503766.3219425771,0.7521221075084579,0.7516442144341192,0.7521308942854343,1.5037663219425772,46.0761,51.6773,4.6013,875829.4177,1592500.8659,53.0385,59.6557,3.7462,2.7097,0.0,53.0385,0.0,53.0385,59.6557,read
/home/1755_project/presentation/cpu/compaction_parallelism/final-speedup-cpu-8mb-sst_32sst/sst_8MB/input_32sst/value_1024/subcomp_1/repeat_03,compactall,compactall,compaction_wall_sum,0.366613,rocksdb.compaction.times.micros,366613.0,1,8,256,32,input_32sst,1024,16,1,5,3,1,258112,268435456,35,271320875,271506921,1,1.0,1,0.366613,0.167393,0.144784109,0.054435891,39.49235542656698,14.848325345800612,45.65931922763241,45.6593192276324,271320875.0,271054439.0,258108.0,257944.0,258111.0153846154,268432320.0,268261760.0,705.7898928635117,705.0968100482104,698.2758638601024,698.2840215704298,1410.886702911722,704033.9540605488,703586.6158592303,704042.1790406107,1407620.5699197792,0.7040339540605488,0.7035866158592303,0.7040421790406107,1.4076205699197792,45.4276,48.7987,4.1283,752353.1988,1463391.7431,59.6861,69.6099,4.1564,2.0782,0.0,59.6861,0.0,59.6861,69.6099,computation
/home/1755_project/presentation/cpu/compaction_parallelism/final-speedup-cpu-8mb-sst_32sst/sst_8MB/input_32sst/value_1024/subcomp_1/repeat_04,compactall,compactall,compaction_wall_sum,0.340636,rocksdb.compaction.times.micros,340636.0,1,8,256,32,input_32sst,1024,16,1,5,4,1,258112,268435456,35,271320875,271506921,1,1.0,1,0.340636,0.144776,0.145290781,0.050569219,42.652796827111636,14.845529832431097,42.501673340457266,42.50167334045726,271320875.0,271054439.0,258108.0,257944.0,258111.0153846154,268432320.0,268261760.0,759.6136344730756,758.8676969615796,751.5265834419843,751.5353632616635,1518.4813314346552,757723.7872685213,757242.3349264318,757732.6394879443,1514966.122194953,0.7577237872685213,0.7572423349264318,0.7577326394879443,1.514966122194953,46.0819,47.7583,4.4161,873377.0472,1603635.5234,56.3591,59.7114,4.3478,2.4845,0.0,56.3591,0.0,56.3591,59.7114,read
/home/1755_project/presentation/cpu/compaction_parallelism/final-speedup-cpu-8mb-sst_32sst/sst_8MB/input_32sst/value_1024/subcomp_1/repeat_05,compactall,compactall,compaction_wall_sum,0.351231,rocksdb.compaction.times.micros,351231.0,1,8,256,32,input_32sst,1024,16,1,5,5,1,258112,268435456,35,271320875,271506921,1,1.0,1,0.351231,0.149087,0.150704454,0.051439546,42.90750360873613,14.645502817234243,42.44699357402963,42.44699357402963,271320875.0,271054439.0,258108.0,257944.0,258111.0153846154,268432320.0,268261760.0,736.6996363998924,735.9762003416686,728.8565339544167,728.8650489279136,1472.675836741561,734866.7970651793,734399.8678932098,734875.3822544576,1469266.6649583892,0.7348667970651793,0.7343998678932098,0.7348753822544576,1.4692666649583892,48.3841,52.6664,4.6,852226.3885,1553516.1947,53.0277,59.7004,3.5471,2.5054,0.0,53.0277,0.0,53.0277,59.7004,read
/home/1755_project/presentation/cpu/compaction_parallelism/final-speedup-cpu-8mb-sst_32sst/sst_8MB/input_32sst/value_1024/subcomp_2/repeat_01,compactall,compactall,compaction_wall_sum,0.240122,rocksdb.compaction.times.micros,240122.0,1,8,256,32,input_32sst,1024,16,2,5,1,1,258112,268435456,35,271320875,271506921,1,2.0,2,0.240122,0.151777,0.034789968,0.053555032,14.488455035357026,22.303259176585236,63.208285788057744,63.20828578805774,271320875.0,271054391.0,258108.0,257944.0,258111.0153846154,268432320.0,268261760.0,1077.5845195041295,1076.5261452338286,1066.1122649209308,1066.1247199340335,2154.1106647379584,1074903.5906747403,1074220.6045260327,1074916.1483937972,2149124.195200773,1.0749035906747402,1.0742206045260327,1.0749161483937972,2.149124195200773,53.7146,55.7254,8.5949,1258309.6223,2458764.1736,79.5838,99.5096,6.8674,4.6857,0.0,79.5839,0.0,79.5839,99.5096,computation
/home/1755_project/presentation/cpu/compaction_parallelism/final-speedup-cpu-8mb-sst_32sst/sst_8MB/input_32sst/value_1024/subcomp_2/repeat_02,compactall,compactall,compaction_wall_sum,0.255605,rocksdb.compaction.times.micros,255605.0,1,8,256,32,input_32sst,1024,16,2,5,2,1,258112,268435456,35,271320875,271506921,1,2.0,2,0.255605,0.166552,0.033421293,0.055631707,13.07536746151288,21.764717826333598,65.15991471215352,65.15991471215351,271320875.0,271054391.0,258108.0,257944.0,258111.0153846154,268432320.0,268261760.0,1012.3109876268875,1011.3167232481266,1001.5336526176864,1001.5453531816669,2023.627710875014,1009792.4531992722,1009150.8382073902,1009804.2502479035,2018943.2914066624,1.0097924531992721,1.0091508382073902,1.0098042502479034,2.0189432914066625,65.6845,66.6956,8.2109,1242701.332,2476056.6088,74.6448,89.5911,6.5866,4.6997,0.0,74.6448,0.0,74.6448,89.5911,computation
/home/1755_project/presentation/cpu/compaction_parallelism/final-speedup-cpu-8mb-sst_32sst/sst_8MB/input_32sst/value_1024/subcomp_2/repeat_03,compactall,compactall,compaction_wall_sum,0.246254,rocksdb.compaction.times.micros,246254.0,1,8,256,32,input_32sst,1024,16,2,5,3,1,258112,268435456,35,271320875,271506921,1,2.0,2,0.246254,0.153359,0.040164794999999996,0.052730205,16.310311710672718,21.41293339397533,62.27675489535195,62.27675489535195,271320875.0,271054391.0,258108.0,257944.0,258111.0153846154,268432320.0,268261760.0,1050.7514598437817,1049.719440276452,1039.5648772297861,1039.5770220991335,2100.4709001202336,1048137.2891404809,1047471.3101106987,1048149.5341582894,2095608.5992511797,1.048137289140481,1.0474713101106987,1.0481495341582894,2.0956085992511797,58.7163,60.6851,8.7533,1212895.3584,2404763.7775,74.6457,89.6012,7.4748,4.6719,0.0,74.6457,0.0,74.6457,89.6012,computation
/home/1755_project/presentation/cpu/compaction_parallelism/final-speedup-cpu-8mb-sst_32sst/sst_8MB/input_32sst/value_1024/subcomp_2/repeat_04,compactall,compactall,compaction_wall_sum,0.247337,rocksdb.compaction.times.micros,247337.0,1,8,256,32,input_32sst,1024,16,2,5,4,1,258112,268435456,35,271320875,271506921,1,2.0,2,0.247337,0.159701,0.033862691,0.053773309,13.690911994566118,21.740907749346032,64.56818025608784,64.56818025608784,271320875.0,271054391.0,258108.0,257944.0,258111.0153846154,268432320.0,268261760.0,1046.1505961193457,1045.1230953955026,1035.012995537844,1035.0250872291651,2091.273691514848,1043547.8719318177,1042884.8089853115,1043560.0633330856,2086432.6809171292,1.0435478719318176,1.0428848089853116,1.0435600633330857,2.086432680917129,59.6923,67.6536,8.8743,1191774.4513,2405754.7559,79.5905,109.4396,7.1662,4.9844,0.0,79.5905,0.0,79.5905,109.4396,computation
/home/1755_project/presentation/cpu/compaction_parallelism/final-speedup-cpu-8mb-sst_32sst/sst_8MB/input_32sst/value_1024/subcomp_2/repeat_05,compactall,compactall,compaction_wall_sum,0.24174,rocksdb.compaction.times.micros,241740.0,1,8,256,32,input_32sst,1024,16,2,5,5,1,258112,268435456,35,271320875,271506921,1,2.0,2,0.24174,0.153705,0.031826018,0.056208982000000005,13.165391743195167,23.25183337470009,63.58277488210474,63.582774882104744,271320875.0,271054391.0,258108.0,257944.0,258111.0153846154,268432320.0,268261760.0,1070.3720939537131,1069.3208035320486,1058.9766247925197,1058.9889964424588,2139.6928974857615,1067709.1089600397,1067030.6941341937,1067721.5826285074,2134739.8030942334,1.0677091089600397,1.0670306941341936,1.0677215826285074,2.1347398030942335,64.1508,64.6193,8.0267,1212177.1894,2423572.9575,74.5965,79.603,6.5625,5.0,0.0,74.5965,0.0,74.5965,79.603,computation
/home/1755_project/presentation/cpu/compaction_parallelism/final-speedup-cpu-8mb-sst_32sst/sst_8MB/input_32sst/value_1024/subcomp_4/repeat_01,compactall,compactall,compaction_wall_sum,0.194148,rocksdb.compaction.times.micros,194148.0,1,8,256,32,input_32sst,1024,16,4,5,1,1,258112,268435456,35,271320875,271506921,1,4.0,4,0.194148,0.175864,0.0,0.065413476,0.0,33.69258297793436,66.30741702206564,90.5824422605435,271320875.0,271056909.0,258108.0,257944.0,258111.0153846154,268432320.0,268261760.0,1332.7551661226005,1331.458538835147,1318.5662962139386,1318.581700558337,2664.2137049577473,1329439.396748872,1328594.6803469518,1329454.9281198643,2658034.077095824,1.329439396748872,1.3285946803469517,1.3294549281198642,2.6580340770958237,68.1761,76.6698,17.3452,2129452.9011,2598160.9066,114.4767,169.2711,11.0063,9.1195,0.0,114.4767,0.0,114.4767,169.2711,computation
/home/1755_project/presentation/cpu/compaction_parallelism/final-speedup-cpu-8mb-sst_32sst/sst_8MB/input_32sst/value_1024/subcomp_4/repeat_02,compactall,compactall,compaction_wall_sum,0.190647,rocksdb.compaction.times.micros,190647.0,1,8,256,32,input_32sst,1024,16,4,5,2,1,258112,268435456,35,271320875,271506921,1,4.0,4,0.190647,0.172114,0.0,0.068410248,0.0,35.88320193866151,64.1167980613385,90.27889240323739,271320875.0,271056909.0,258108.0,257944.0,258111.0153846154,268432320.0,268261760.0,1357.229591823478,1355.9091535548218,1342.7801605970392,1342.7958478234643,2713.1387453782995,1353852.9323828856,1352992.7037928738,1353868.748968593,2706845.636175759,1.3538529323828856,1.3529927037928737,1.353868748968593,2.706845636175759,71.6502,71.6502,22.5499,2287841.0119,3174422.8171,159.2227,159.2227,11.9497,10.6918,0.0,159.2227,0.0,159.2227,159.2227,computation
/home/1755_project/presentation/cpu/compaction_parallelism/final-speedup-cpu-8mb-sst_32sst/sst_8MB/input_32sst/value_1024/subcomp_4/repeat_03,compactall,compactall,compaction_wall_sum,0.188149,rocksdb.compaction.times.micros,188149.0,1,8,256,32,input_32sst,1024,16,4,5,3,1,258112,268435456,35,271320875,271506921,1,4.0,4,0.188149,0.177546,0.0,0.06817941000000001,0.0,36.23692392731293,63.76307607268707,94.36457275882412,271320875.0,271056909.0,258108.0,257944.0,258111.0153846154,268432320.0,268261760.0,1375.2491376109922,1373.9111682643336,1360.6078654542077,1360.623760955413,2749.160305875326,1371827.64723703,1370955.997640168,1371843.6738149838,2742783.644877198,1.37182764723703,1.370955997640168,1.3718436738149837,2.742783644877198,64.094,81.4145,16.6812,2092844.7756,2573124.4553,64.5359,129.0718,10.0015,9.4077,0.0,64.5359,0.0,64.5359,129.0718,computation
/home/1755_project/presentation/cpu/compaction_parallelism/final-speedup-cpu-8mb-sst_32sst/sst_8MB/input_32sst/value_1024/subcomp_4/repeat_04,compactall,compactall,compaction_wall_sum,0.18892,rocksdb.compaction.times.micros,188920.0,1,8,256,32,input_32sst,1024,16,4,5,4,1,258112,268435456,35,271320875,271506921,1,4.0,4,0.18892,0.177955,0.0,0.06970280000000001,0.0,36.89540546262969,63.10459453737031,94.1959559601948,271320875.0,271056909.0,258108.0,257944.0,258111.0153846154,268432320.0,268261760.0,1369.636618634187,1368.304109664229,1355.0550988637717,1355.0709294939657,2737.9407282984157,1366229.0916790175,1365360.9993648105,1366245.0528510236,2731590.091043828,1.3662290916790176,1.3653609993648106,1.3662450528510237,2.731590091043828,64.6713,77.6129,18.1633,2129917.3446,2608418.3938,94.5215,129.3548,10.3459,10.0433,0.0,94.5215,0.0,94.5215,129.3548,computation
/home/1755_project/presentation/cpu/compaction_parallelism/final-speedup-cpu-8mb-sst_32sst/sst_8MB/input_32sst/value_1024/subcomp_4/repeat_05,compactall,compactall,compaction_wall_sum,0.197568,rocksdb.compaction.times.micros,197568.0,1,8,256,32,input_32sst,1024,16,4,5,5,1,258112,268435456,35,271320875,271506921,1,4.0,4,0.197568,0.180653,0.0,0.06879112600000001,0.0,34.818961572724334,65.18103842727567,91.4383908325235,271320875.0,271056909.0,258108.0,257944.0,258111.0153846154,268432320.0,268261760.0,1309.6845136478105,1308.4103316213461,1295.741260109652,1295.7563977972143,2618.094845269157,1306426.1418853255,1305596.0479429867,1306441.4044005882,2612022.1898283125,1.3064261418853256,1.3055960479429867,1.3064414044005883,2.6120221898283127,68.0808,76.6144,16.5542,2101372.0798,2579281.8679,114.348,169.1487,11.0063,8.4906,0.0,114.348,0.0,114.348,169.1487,computation
/home/1755_project/presentation/cpu/compaction_parallelism/final-speedup-cpu-8mb-sst_32sst/sst_8MB/input_32sst/value_1024/subcomp_8/repeat_01,compactall,compactall,compaction_wall_sum,0.200291,rocksdb.compaction.times.micros,200291.0,1,8,256,32,input_32sst,1024,16,8,5,1,1,258112,268435456,35,271320875,271506921,1,7.0,7,0.200291,0.37851,0.0,0.11881319800000001,0.0,59.32028798098767,40.67971201901233,188.9800340504566,271320875.0,271056922.0,258108.0,257944.0,258111.0153846154,268432320.0,268261760.0,1291.879065920938,1290.6222685768819,1278.1253739675958,1278.140305854981,2582.5013344978197,1288664.9924360057,1287846.1838025672,1288680.0474540314,2576511.1762385727,1.2886649924360056,1.2878461838025672,1.2886800474540314,2.5765111762385726,67.0556,81.4647,31.5221,2203841.5855,2560652.0537,104.3103,149.0208,19.2464,16.2765,0.0,104.3103,0.0,104.3103,149.0208,write
/home/1755_project/presentation/cpu/compaction_parallelism/final-speedup-cpu-8mb-sst_32sst/sst_8MB/input_32sst/value_1024/subcomp_8/repeat_02,compactall,compactall,compaction_wall_sum,0.217516,rocksdb.compaction.times.micros,217516.0,1,8,256,32,input_32sst,1024,16,8,5,2,1,258112,268435456,35,271320875,271506921,1,7.0,7,0.217516,0.453973,0.0,0.12482660300000001,0.0,57.38732001324042,42.61267998675958,208.70786516853937,271320875.0,271056922.0,258108.0,257944.0,258111.0153846154,268432320.0,268261760.0,1189.5757093380287,1188.4184372438453,1176.9111664307165,1176.924915868258,2377.994146581874,1186616.1569723608,1185862.1894481326,1186630.0197898794,2372478.3464204934,1.1866161569723608,1.1858621894481327,1.1866300197898794,2.3724783464204933,64.1012,72.7837,28.4596,2230444.5298,2565634.3458,281.5573,405.7444,22.8374,13.3742,0.0,281.5573,0.0,281.5573,405.7444,write
/home/1755_project/presentation/cpu/compaction_parallelism/final-speedup-cpu-8mb-sst_32sst/sst_8MB/input_32sst/value_1024/subcomp_8/repeat_03,compactall,compactall,compaction_wall_sum,0.192305,rocksdb.compaction.times.micros,192305.0,1,8,256,32,input_32sst,1024,16,8,5,3,1,258112,268435456,35,271320875,271506921,1,7.0,7,0.192305,0.323978,0.0,0.104827558,0.0,54.51109331530641,45.48890668469359,168.4709185928603,271320875.0,271056922.0,258108.0,257944.0,258111.0153846154,268432320.0,268261760.0,1345.52793735145,1344.2189480020395,1331.2030850853787,1331.2186370609188,2689.7468853534897,1342180.3905254672,1341327.5785861001,1342196.0707449904,2683507.9691115674,1.3421803905254672,1.3413275785861,1.3421960707449905,2.6835079691115675,77.4926,77.4926,50.0324,3840475.6379,2203811.2072,149.0243,149.0243,11.9497,26.4151,0.0,149.0243,0.0,149.0243,149.0243,write
/home/1755_project/presentation/cpu/compaction_parallelism/final-speedup-cpu-8mb-sst_32sst/sst_8MB/input_32sst/value_1024/subcomp_8/repeat_04,compactall,compactall,compaction_wall_sum,0.218122,rocksdb.compaction.times.micros,218122.0,1,8,256,32,input_32sst,1024,16,8,5,4,1,258112,268435456,35,271320875,271506921,1,7.0,7,0.218122,0.323185,0.0,0.127242973,0.0,58.33568965991509,41.66431034008491,148.16708080798819,271320875.0,271056922.0,258108.0,257944.0,258111.0153846154,268432320.0,268261760.0,1186.2707566974932,1185.1166998080535,1173.6413992047742,1173.6551104427797,2371.3874565055467,1183319.426742832,1182567.5539377045,1183333.2510458156,2365886.9806805365,1.183319426742832,1.1825675539377045,1.1833332510458157,2.3658869806805365,66.6902,70.0579,23.3278,2273130.5483,2634251.9022,261.913,316.6126,20.7026,12.278,0.0,261.913,0.0,261.913,316.6126,write
/home/1755_project/presentation/cpu/compaction_parallelism/final-speedup-cpu-8mb-sst_32sst/sst_8MB/input_32sst/value_1024/subcomp_8/repeat_05,compactall,compactall,compaction_wall_sum,0.215962,rocksdb.compaction.times.micros,215962.0,1,8,256,32,input_32sst,1024,16,8,5,5,1,258112,268435456,35,271320875,271506921,1,7.0,7,0.215962,0.447087,0.0,0.10994572100000001,0.0,50.90975310471288,49.09024689528712,207.02114260842185,271320875.0,271056922.0,258108.0,257944.0,258111.0153846154,268432320.0,268261760.0,1198.1355515894954,1196.9699521005189,1185.3798782996257,1185.3937266741373,2395.1055036900143,1195154.7031422195,1194395.3102860688,1195168.6657125577,2389550.0134282885,1.1951547031422194,1.194395310286069,1.1951686657125578,2.3895500134282885,66.0761,80.7866,26.1003,2156037.2981,2522734.1524,187.4481,197.5597,22.1875,11.875,0.0,187.4481,0.0,187.4481,197.5597,write
/home/1755_project/presentation/cpu/compaction_parallelism/final-speedup-cpu-8mb-sst_32sst/sst_8MB/input_32sst/value_1024/subcomp_16/repeat_01,compactall,compactall,compaction_wall_sum,0.313325,rocksdb.compaction.times.micros,313325.0,1,8,256,32,input_32sst,1024,16,16,5,1,1,258112,268435456,35,271320875,271506921,1,14.0,14,0.313325,0.766838,0.0,0.174914402,0.0,55.825230032713634,44.174769967286366,244.74204101172901,271320875.0,271064277.0,258108.0,257944.0,258111.0153846154,268432320.0,268261760.0,825.8254208645036,825.0444077878541,817.0334613495372,817.0430064629378,1650.8698286523577,823770.844969281,823247.4267932657,823780.4687931553,1647018.2717625469,0.823770844969281,0.8232474267932658,0.8237804687931553,1.6470182717625468,58.6937,67.8094,31.6778,2750533.9741,1661527.2552,274.3818,508.7741,29.4013,13.8866,0.0,274.3818,0.0,274.3818,508.7741,write
/home/1755_project/presentation/cpu/compaction_parallelism/final-speedup-cpu-8mb-sst_32sst/sst_8MB/input_32sst/value_1024/subcomp_16/repeat_02,compactall,compactall,compaction_wall_sum,0.292288,rocksdb.compaction.times.micros,292288.0,1,8,256,32,input_32sst,1024,16,16,5,2,1,258112,268435456,35,271320875,271506921,1,14.0,14,0.292288,0.746445,0.0,0.223949333,0.0,76.61940722848696,23.380592771513037,255.37996770308737,271320875.0,271064277.0,258108.0,257944.0,258111.0153846154,268432320.0,268261760.0,885.2629940071799,884.4257686601209,875.8382461043346,875.8484782132691,1769.6887626673008,883060.5430260565,882499.4525947011,883070.8595105355,1765559.9956207576,0.8830605430260565,0.8824994525947011,0.8830708595105355,1.7655599956207575,68.9213,70.1021,56.1795,4112068.1972,1530699.4605,417.9255,593.9209,29.3627,22.6873,0.0,417.9256,0.0,417.9256,593.9209,write
/home/1755_project/presentation/cpu/compaction_parallelism/final-speedup-cpu-8mb-sst_32sst/sst_8MB/input_32sst/value_1024/subcomp_16/repeat_03,compactall,compactall,compaction_wall_sum,0.311412,rocksdb.compaction.times.micros,311412.0,1,8,256,32,input_32sst,1024,16,16,5,3,1,258112,268435456,35,271320875,271506921,1,14.0,14,0.311412,0.83836,0.0,0.25166031899999997,0.0,80.81265943508919,19.187340564910812,269.21249020590085,271320875.0,271064277.0,258108.0,257944.0,258111.0153846154,268432320.0,268261760.0,830.8984560401352,830.112645209977,822.0524876284271,822.0620913773392,1661.0111012501122,828831.2589110245,828304.625383736,828840.9418539278,1657135.8842947604,0.8288312589110245,0.828304625383736,0.8288409418539278,1.6571358842947603,59.3846,76.0023,50.1224,2886584.9365,1711691.6845,270.0649,475.3935,29.8052,22.3424,0.0,270.0649,0.0,270.0649,475.3935,write
/home/1755_project/presentation/cpu/compaction_parallelism/final-speedup-cpu-8mb-sst_32sst/sst_8MB/input_32sst/value_1024/subcomp_16/repeat_04,compactall,compactall,compaction_wall_sum,0.307671,rocksdb.compaction.times.micros,307671.0,1,8,256,32,input_32sst,1024,16,16,5,4,1,258112,268435456,35,271320875,271506921,1,14.0,14,0.307671,0.784619,0.0,0.349306173,0.0,113.53236834150766,0.0,255.01883505432752,271320875.0,271064277.0,258108.0,257944.0,258111.0153846154,268432320.0,268261760.0,841.0014268240121,840.206061247662,832.0478994684055,832.0576199901844,1681.207488071674,838909.094454791,838376.0575419848,838918.8951334881,1677285.151996776,0.838909094454791,0.8383760575419849,0.8389188951334882,1.677285151996776,62.9853,83.7501,45.1428,2715627.068,1653353.5262,300.8848,606.9678,28.1737,21.0102,0.0,300.8848,0.0,300.8848,606.9678,write
/home/1755_project/presentation/cpu/compaction_parallelism/final-speedup-cpu-8mb-sst_32sst/sst_8MB/input_32sst/value_1024/subcomp_16/repeat_05,compactall,compactall,compaction_wall_sum,0.309786,rocksdb.compaction.times.micros,309786.0,1,8,256,32,input_32sst,1024,16,16,5,5,1,258112,268435456,35,271320875,271506921,1,14.0,14,0.309786,0.847363,0.0,0.218834928,0.0,70.6406771125874,29.359322887412603,273.5317283544124,271320875.0,271064277.0,258108.0,257944.0,258111.0153846154,268432320.0,268261760.0,835.2596630976565,834.4697277156791,826.3672641027798,826.3769182597018,1669.7293908133356,833181.6156959966,832652.2179827364,833191.3494625819,1665833.833678733,0.8331816156959966,0.8326522179827364,0.8331913494625819,1.665833833678733,57.9717,69.8922,39.9619,2790447.4479,1686373.6783,223.1663,383.9298,31.3789,16.1807,0.0,223.1664,0.0,223.1664,383.9298,write
/home/1755_project/presentation/cpu/compaction_parallelism/final-speedup-cpu-8mb-sst_32sst/sst_8MB/input_32sst/value_1024/subcomp_32/repeat_01,compactall,compactall,compaction_wall_sum,0.501594,rocksdb.compaction.times.micros,501594.0,1,8,256,32,input_32sst,1024,16,32,5,1,1,258112,268435456,35,271320875,271506921,1,28.0,28,0.501594,0.996271,0.0,0.220934677,0.0,44.04651510982986,55.95348489017014,198.62099626391065,271320875.0,271082109.0,258108.0,257944.0,258111.0153846154,268432320.0,268261760.0,515.8589416786697,515.4049789083194,510.36696865860387,510.372931095667,1031.2639205869891,514575.5332001579,514248.57554117474,514581.5448043944,1028824.1087413327,0.5145755332001579,0.5142485755411748,0.5145815448043944,1.0288241087413326,61.4868,83.9547,92.6705,3321968.3461,1009299.8988,267.3231,536.0036,27.4663,29.4902,0.0,267.3231,0.0,267.3231,536.0036,computation
/home/1755_project/presentation/cpu/compaction_parallelism/final-speedup-cpu-8mb-sst_32sst/sst_8MB/input_32sst/value_1024/subcomp_32/repeat_02,compactall,compactall,compaction_wall_sum,0.459052,rocksdb.compaction.times.micros,459052.0,1,8,256,32,input_32sst,1024,16,32,5,2,1,258112,268435456,35,271320875,271506921,1,28.0,28,0.459052,1.018316,0.0,0.239642193,0.0,52.20371395833152,47.79628604166848,221.83020659968804,271320875.0,271082109.0,258108.0,257944.0,258111.0153846154,268432320.0,268261760.0,563.6654452924082,563.1694121592751,557.6645113785448,557.6710263760968,1126.8348574516833,562263.0987339125,561905.8407326402,562269.6674551367,1124168.9394665528,0.5622630987339124,0.5619058407326403,0.5622696674551366,1.1241689394665528,64.5236,77.52,109.3822,4087675.1738,1125030.3602,331.2797,546.6299,31.7095,35.7733,0.0,331.2797,0.0,331.2797,546.6299,write
/home/1755_project/presentation/cpu/compaction_parallelism/final-speedup-cpu-8mb-sst_32sst/sst_8MB/input_32sst/value_1024/subcomp_32/repeat_03,compactall,compactall,compaction_wall_sum,0.448315,rocksdb.compaction.times.micros,448315.0,1,8,256,32,input_32sst,1024,16,32,5,3,1,258112,268435456,35,271320875,271506921,1,28.0,28,0.448315,0.80015,0.0,0.253782696,0.0,56.608120629468104,43.391879370531896,178.47941737394467,271320875.0,271082109.0,258108.0,257944.0,258111.0153846154,268432320.0,268261760.0,577.1650513419595,576.6571383748916,571.0203969917218,571.0270680213689,1153.8221897168512,575729.1190346073,575363.3048191562,575735.8450745912,1151092.4238537634,0.5757291190346073,0.5753633048191562,0.5757358450745912,1.1510924238537634,67.2754,80.3094,125.9871,4134481.2255,1267526.7746,354.3233,424.5977,31.4693,37.7212,0.0,354.3233,0.0,354.3233,424.5977,write
/home/1755_project/presentation/cpu/compaction_parallelism/final-speedup-cpu-8mb-sst_32sst/sst_8MB/input_32sst/value_1024/subcomp_32/repeat_04,compactall,compactall,compaction_wall_sum,0.486394,rocksdb.compaction.times.micros,486394.0,1,8,256,32,input_32sst,1024,16,32,5,4,1,258112,268435456,35,271320875,271506921,1,28.0,28,0.486394,0.806223,0.0,0.344708239,0.0,70.8701667783731,29.129833221626896,165.75512855832926,271320875.0,271082109.0,258108.0,257944.0,258111.0153846154,268432320.0,268261760.0,531.9797324645671,531.5115831826453,526.3161331705238,526.3222819360436,1063.4913156472123,530656.2169763608,530319.0417644954,530662.416445547,1060975.258740856,0.5306562169763608,0.5303190417644954,0.530662416445547,1.060975258740856,71.454,89.7264,129.4492,4089226.6624,1161105.4252,333.3038,433.6863,28.9868,36.9263,0.0,333.3038,0.0,333.3038,433.6863,write
/home/1755_project/presentation/cpu/compaction_parallelism/final-speedup-cpu-8mb-sst_32sst/sst_8MB/input_32sst/value_1024/subcomp_32/repeat_05,compactall,compactall,compaction_wall_sum,0.515965,rocksdb.compaction.times.micros,515965.0,1,8,256,32,input_32sst,1024,16,32,5,5,1,258112,268435456,35,271320875,271506921,1,28.0,28,0.515965,0.943279,0.0,0.31065054200000003,0.0,60.20767726493077,39.79232273506923,182.81840822536412,271320875.0,271082109.0,258108.0,257944.0,258111.0153846154,268432320.0,268261760.0,501.49089568550306,501.0495769878568,496.1518887469959,496.15768511430036,1002.5404726733599,500243.23355266347,499925.3825356371,500249.07771770447,1000168.6160883006,0.5002432335526634,0.4999253825356371,0.5002490777177044,1.0001686160883005,55.9034,77.6618,97.5237,3298353.4113,1006500.4779,271.099,568.8205,26.9149,29.4578,0.0,271.099,0.0,271.099,568.8205,write
