run_dir,benchmark,parsed_benchmark_name,elapsed_source,benchmark_elapsed_s,compaction_time_source,compaction_time_micros,compaction_time_count,sst_size_mb,input_data_mb,requested_input_sst_count,input_path_component,value_size,key_size,requested_subcompactions,compaction_runs,repeat_index,requested_bg_threads,preload_entries,target_logical_input_bytes,preload_sst_count,preload_sst_bytes,preload_db_bytes,compaction_count,actual_subcompactions_avg,actual_subcompactions_max,total_compaction_wall_s,total_compaction_cpu_s,total_compaction_read_io_s,total_compaction_write_io_s,read_pct,write_pct,compute_pct,cpu_resource_pct,total_input_bytes,total_output_bytes,total_input_records,total_output_records,target_logical_input_records,total_logical_input_bytes,total_logical_output_bytes,input_throughput_mib_per_sec,output_throughput_mib_per_sec,logical_input_throughput_mib_per_sec,logical_target_throughput_mib_per_sec,total_rw_throughput_mib_per_sec,logical_input_throughput_records_per_sec,logical_output_throughput_records_per_sec,logical_target_throughput_records_per_sec,total_rw_throughput_records_per_sec,logical_input_throughput_mrecords_per_sec,logical_output_throughput_mrecords_per_sec,logical_target_throughput_mrecords_per_sec,total_rw_throughput_mrecords_per_sec,avg_device_util_pct,max_device_util_pct,avg_device_queue_depth,avg_device_rkib_per_sec,avg_device_wkib_per_sec,avg_process_cpu_pct,max_process_cpu_pct,avg_system_cpu_busy_pct,avg_system_cpu_iowait_pct,avg_foreground_cpu_pct,avg_compaction_cpu_pct,avg_flush_cpu_pct,avg_background_cpu_pct,max_compaction_cpu_pct,dominant_breakdown
/home/1755_project/invalidation-aware-caching/presentation_figures/compaction_parallelism/final-speedup-cpu-8mb-sst_4sst/sst_8MB/input_4sst/value_32/subcomp_1/repeat_01,compactall,compactall,compaction_wall_sum,0.185107,rocksdb.compaction.times.micros,185107.0,1,8,32,4,input_4sst,32,16,1,5,1,1,699051,33554432,7,39693886,39759621,1,1.0,1,0.185107,0.147423,0.030270953,0.007413047,16.353218949040286,4.004736179615033,79.64204487134468,79.64204487134468,39693886.0,39468661.0,698865.0,697813.0,699050.6666666666,33545520.0,33495024.0,204.50355522242606,203.34319230847575,172.8270722041424,172.8729869751009,407.8467475309018,3775465.001323559,3769781.8018767526,3776468.0248000706,7545246.803200311,3.7754650013235587,3.7697818018767526,3.7764680248000704,7.545246803200311,7.9709,7.9709,0.8668,145121.0902,375949.8096,79.7095,79.7095,6.25,0.625,0.0,79.7095,0.0,79.7095,79.7095,computation
/home/1755_project/invalidation-aware-caching/presentation_figures/compaction_parallelism/final-speedup-cpu-8mb-sst_4sst/sst_8MB/input_4sst/value_32/subcomp_1/repeat_02,compactall,compactall,compaction_wall_sum,0.183161,rocksdb.compaction.times.micros,183161.0,1,8,32,4,input_4sst,32,16,1,5,2,1,699051,33554432,7,39693886,39759621,1,1.0,1,0.183161,0.146678,0.029103881999999998,0.0073791180000000005,15.88978112152696,4.028760489405496,80.08145838906754,80.08145838906755,39693886.0,39468661.0,698865.0,697813.0,699050.6666666666,33545520.0,33495024.0,206.67630989434224,205.50361866688334,174.66327905226652,174.70968164620197,412.1799285612256,3815577.55198978,3809833.9712056606,3816591.232121831,7625411.523195441,3.81557755198978,3.8098339712056606,3.816591232121831,7.6254115231954405,11.9459,11.9459,0.8462,144992.82,375856.4307,79.639,79.639,5.625,0.625,0.0,79.639,0.0,79.639,79.639,computation
/home/1755_project/invalidation-aware-caching/presentation_figures/compaction_parallelism/final-speedup-cpu-8mb-sst_4sst/sst_8MB/input_4sst/value_32/subcomp_1/repeat_03,compactall,compactall,compaction_wall_sum,0.179661,rocksdb.compaction.times.micros,179661.0,1,8,32,4,input_4sst,32,16,1,5,3,1,699051,33554432,7,39693886,39759621,1,1.0,1,0.179661,0.146265,0.026063823,0.007332177,14.507223604455058,4.081117771803563,81.41165862374137,81.41165862374139,39693886.0,39468661.0,698865.0,697813.0,699050.6666666666,33545520.0,33495024.0,210.7025987641036,209.50706218180363,178.06591778122237,178.1132243503042,420.2096609459073,3889909.3292367295,3884053.856986213,3890942.7570071784,7773963.186222943,3.8899093292367297,3.884053856986213,3.890942757007178,7.773963186222942,8.9598,8.9598,0.8462,144999.4657,375993.1219,89.598,89.598,6.2112,0.6211,0.0,89.598,0.0,89.598,89.598,computation
/home/1755_project/invalidation-aware-caching/presentation_figures/compaction_parallelism/final-speedup-cpu-8mb-sst_4sst/sst_8MB/input_4sst/value_32/subcomp_1/repeat_04,compactall,compactall,compaction_wall_sum,0.178588,rocksdb.compaction.times.micros,178588.0,1,8,32,4,input_4sst,32,16,1,5,4,1,699051,33554432,7,39693886,39759621,1,1.0,1,0.178588,0.145699,0.025609024,0.007279976,14.339722713732167,4.076408269312608,81.58386901695522,81.58386901695522,39693886.0,39468661.0,698865.0,697813.0,699050.6666666666,33545520.0,33495024.0,211.96855105918436,210.7658314032579,179.13578098468088,179.18337178309852,422.7343824624423,3913280.8475373485,3907390.194189979,3914320.4843923817,7820671.041727328,3.9132808475373486,3.907390194189979,3.914320484392382,7.820671041727327,7.9607,7.9607,0.8259,144934.4081,375466.192,99.5087,99.5087,6.2112,0.6211,0.0,99.5087,0.0,99.5087,99.5087,computation
/home/1755_project/invalidation-aware-caching/presentation_figures/compaction_parallelism/final-speedup-cpu-8mb-sst_4sst/sst_8MB/input_4sst/value_32/subcomp_1/repeat_05,compactall,compactall,compaction_wall_sum,0.181586,rocksdb.compaction.times.micros,181586.0,1,8,32,4,input_4sst,32,16,1,5,5,1,699051,33554432,7,39693886,39759621,1,1.0,1,0.181586,0.146004,0.028261438000000003,0.007320562,15.563665701100307,4.031457270934984,80.40487702796472,80.4048770279647,39693886.0,39468661.0,698865.0,697813.0,699050.6666666666,33545520.0,33495024.0,208.46893260800732,207.28606995387872,176.1782343049144,176.22503937528225,415.75500256188604,3848672.254468957,3842878.8562994944,3849694.726832832,7691551.110768451,3.848672254468957,3.842878856299494,3.849694726832832,7.691551110768452,11.9522,11.9522,0.9462,145070.2008,376335.9058,99.6019,99.6019,5.625,0.625,0.0,99.6019,0.0,99.6019,99.6019,computation
/home/1755_project/invalidation-aware-caching/presentation_figures/compaction_parallelism/final-speedup-cpu-8mb-sst_4sst/sst_8MB/input_4sst/value_32/subcomp_2/repeat_01,compactall,compactall,compaction_wall_sum,0.104271,rocksdb.compaction.times.micros,104271.0,1,8,32,4,input_4sst,32,16,2,5,1,1,699051,33554432,7,39693886,39759621,1,2.0,2,0.104271,0.153436,0.0,0.00750039,0.0,7.193169721207239,92.80683027879276,147.15117338473783,39693886.0,39469938.0,698865.0,697813.0,699050.6666666666,33545520.0,33495024.0,363.04475450084504,360.9965008559146,306.8111061991559,306.89261635545836,724.0412553567596,6702390.885289294,6692301.790526608,6704171.501823773,13394692.675815903,6.702390885289294,6.692301790526608,6.704171501823772,13.394692675815902,0.0,0.0,0.0,0.0,0.0,0.0,0.0,0.0,0.0,0.0,0.0,0.0,0.0,0.0,computation
/home/1755_project/invalidation-aware-caching/presentation_figures/compaction_parallelism/final-speedup-cpu-8mb-sst_4sst/sst_8MB/input_4sst/value_32/subcomp_2/repeat_02,compactall,compactall,compaction_wall_sum,0.104064,rocksdb.compaction.times.micros,104064.0,1,8,32,4,input_4sst,32,16,2,5,2,1,699051,33554432,7,39693886,39759621,1,2.0,2,0.104064,0.156518,0.0,0.007539423,0.0,7.244986738929889,92.7550132610701,150.4055196801968,39693886.0,39469938.0,698865.0,697813.0,699050.6666666666,33545520.0,33495024.0,363.7669087922588,361.71458084204977,307.42140273766324,307.5030750307503,725.4814896343086,6715723.016605166,6705613.853013529,6717507.17507175,13421336.869618695,6.715723016605166,6.70561385301353,6.717507175071749,13.421336869618695,0.0,0.0,0.0,0.0,0.0,0.0,0.0,0.0,0.0,0.0,0.0,0.0,0.0,0.0,computation
/home/1755_project/invalidation-aware-caching/presentation_figures/compaction_parallelism/final-speedup-cpu-8mb-sst_4sst/sst_8MB/input_4sst/value_32/subcomp_2/repeat_03,compactall,compactall,compaction_wall_sum,0.101752,rocksdb.compaction.times.micros,101752.0,1,8,32,4,input_4sst,32,16,2,5,3,1,699051,33554432,7,39693886,39759621,1,2.0,2,0.101752,0.154797,0.0,0.008071004,0.0,7.932034751159682,92.06796524884032,152.1316534318736,39693886.0,39469938.0,698865.0,697813.0,699050.6666666666,33545520.0,33495024.0,372.03238851872806,369.93342775323407,314.40660482832953,314.4901328720812,741.9658162719621,6868317.084676469,6857978.221558299,6870141.782634903,13726295.306234768,6.868317084676469,6.857978221558299,6.870141782634903,13.726295306234768,0.0,0.0,0.0,0.0,0.0,0.0,0.0,0.0,0.0,0.0,0.0,0.0,0.0,0.0,computation
/home/1755_project/invalidation-aware-caching/presentation_figures/compaction_parallelism/final-speedup-cpu-8mb-sst_4sst/sst_8MB/input_4sst/value_32/subcomp_2/repeat_04,compactall,compactall,compaction_wall_sum,0.10214,rocksdb.compaction.times.micros,102140.0,1,8,32,4,input_4sst,32,16,2,5,4,1,699051,33554432,7,39693886,39759621,1,2.0,2,0.10214,0.152149,0.0,0.00764039,0.0,7.480311337380067,92.51968866261993,148.96122968474643,39693886.0,39469938.0,698865.0,697813.0,699050.6666666666,33545520.0,33495024.0,370.61914623612313,368.528158808959,313.21226605142147,313.29547679655377,739.1473050450821,6842226.355981986,6831926.767182299,6844044.122446315,13674153.123164285,6.842226355981986,6.831926767182299,6.8440441224463155,13.674153123164285,0.0,0.0,0.0,0.0,0.0,0.0,0.0,0.0,0.0,0.0,0.0,0.0,0.0,0.0,computation
/home/1755_project/invalidation-aware-caching/presentation_figures/compaction_parallelism/final-speedup-cpu-8mb-sst_4sst/sst_8MB/input_4sst/value_32/subcomp_2/repeat_05,compactall,compactall,compaction_wall_sum,0.102666,rocksdb.compaction.times.micros,102666.0,1,8,32,4,input_4sst,32,16,2,5,5,1,699051,33554432,7,39693886,39759621,1,2.0,2,0.102666,0.153025,0.0,0.007547839,0.0,7.351838972980344,92.64816102701965,149.05129254086066,39693886.0,39469938.0,698865.0,697813.0,699050.6666666666,33545520.0,33495024.0,368.7203124360316,366.6400379945364,311.6075512291527,311.69033565153023,735.360350430568,6807170.825784584,6796924.006000039,6808979.2790862275,13604094.831784623,6.807170825784584,6.796924006000039,6.808979279086228,13.604094831784623,0.0,0.0,0.0,0.0,0.0,0.0,0.0,0.0,0.0,0.0,0.0,0.0,0.0,0.0,computation
/home/1755_project/invalidation-aware-caching/presentation_figures/compaction_parallelism/final-speedup-cpu-8mb-sst_4sst/sst_8MB/input_4sst/value_32/subcomp_4/repeat_01,compactall,compactall,compaction_wall_sum,0.063108,rocksdb.compaction.times.micros,63108.0,1,8,32,4,input_4sst,32,16,4,5,1,1,699051,33554432,7,39693886,39759621,1,4.0,4,0.063108,0.165345,0.0,0.008643825999999999,0.0,13.696878367243453,86.30312163275654,262.00323255371745,39693886.0,39472524.0,698865.0,697813.0,699050.6666666666,33545520.0,33495024.0,599.8453380959247,596.5001638861839,506.9325735959338,507.06724979400394,1196.3455019821088,11074111.047727706,11057441.211890727,11077053.094166614,22131552.25961843,11.074111047727706,11.057441211890728,11.077053094166613,22.13155225961843,0.0,0.0,0.0,0.0,0.0,0.0,0.0,0.0,0.0,0.0,0.0,0.0,0.0,0.0,computation
/home/1755_project/invalidation-aware-caching/presentation_figures/compaction_parallelism/final-speedup-cpu-8mb-sst_4sst/sst_8MB/input_4sst/value_32/subcomp_4/repeat_02,compactall,compactall,compaction_wall_sum,0.064526,rocksdb.compaction.times.micros,64526.0,1,8,32,4,input_4sst,32,16,4,5,2,1,699051,33554432,7,39693886,39759621,1,4.0,4,0.064526,0.173613,0.0,0.008974531000000001,0.0,13.908395065554972,86.09160493444503,269.0589839754518,39693886.0,39472524.0,698865.0,697813.0,699050.6666666666,33545520.0,33495024.0,586.6633542534423,583.3916923802699,495.79240700635694,495.9241236090878,1170.0550466337122,10830750.395189537,10814446.889625886,10833627.788281726,21645197.284815423,10.830750395189536,10.814446889625886,10.833627788281726,21.645197284815424,0.0,0.0,0.0,0.0,0.0,0.0,0.0,0.0,0.0,0.0,0.0,0.0,0.0,0.0,computation
/home/1755_project/invalidation-aware-caching/presentation_figures/compaction_parallelism/final-speedup-cpu-8mb-sst_4sst/sst_8MB/input_4sst/value_32/subcomp_4/repeat_03,compactall,compactall,compaction_wall_sum,0.061823,rocksdb.compaction.times.micros,61823.0,1,8,32,4,input_4sst,32,16,4,5,3,1,699051,33554432,7,39693886,39759621,1,4.0,4,0.061823,0.162065,0.0,0.008379939,0.0,13.554727205085484,86.44527279491452,262.14353881241607,39693886.0,39472524.0,698865.0,697813.0,699050.6666666666,33545520.0,33495024.0,612.3132102382223,608.898506098528,517.4692404848064,517.6067159471394,1221.2117163367502,11304288.048137425,11287271.727350662,11307291.245437242,22591559.775488086,11.304288048137424,11.287271727350662,11.307291245437241,22.591559775488086,0.0,0.0,0.0,0.0,0.0,0.0,0.0,0.0,0.0,0.0,0.0,0.0,0.0,0.0,computation
/home/1755_project/invalidation-aware-caching/presentation_figures/compaction_parallelism/final-speedup-cpu-8mb-sst_4sst/sst_8MB/input_4sst/value_32/subcomp_4/repeat_04,compactall,compactall,compaction_wall_sum,0.060377,rocksdb.compaction.times.micros,60377.0,1,8,32,4,input_4sst,32,16,4,5,4,1,699051,33554432,7,39693886,39759621,1,4.0,4,0.060377,0.161131,0.0,0.007742386,0.0,12.823402951455027,87.17659704854498,266.8748033191447,39693886.0,39472524.0,698865.0,697813.0,699050.6666666666,33545520.0,33495024.0,626.977815998768,623.4813313435463,529.8623789604019,530.0031468936846,1250.4591473423143,11575020.289182967,11557596.435728837,11578095.411608173,23132616.724911805,11.575020289182966,11.557596435728836,11.578095411608173,23.132616724911806,0.0,0.0,0.0,0.0,0.0,0.0,0.0,0.0,0.0,0.0,0.0,0.0,0.0,0.0,computation
/home/1755_project/invalidation-aware-caching/presentation_figures/compaction_parallelism/final-speedup-cpu-8mb-sst_4sst/sst_8MB/input_4sst/value_32/subcomp_4/repeat_05,compactall,compactall,compaction_wall_sum,0.060873,rocksdb.compaction.times.micros,60873.0,1,8,32,4,input_4sst,32,16,4,5,5,1,699051,33554432,7,39693886,39759621,1,4.0,4,0.060873,0.162205,0.0,0.008277929,0.0,13.598687431209239,86.40131256879076,266.4646066400539,39693886.0,39472524.0,698865.0,697813.0,699050.6666666666,33545520.0,33495024.0,621.8691307567825,618.4011358488871,525.5450011415929,525.6846220820397,1240.2702666056696,11480705.731605146,11463423.8496542,11483755.797589516,22944129.581259344,11.480705731605147,11.4634238496542,11.483755797589517,22.944129581259343,0.0,0.0,0.0,0.0,0.0,0.0,0.0,0.0,0.0,0.0,0.0,0.0,0.0,0.0,computation
/home/1755_project/invalidation-aware-caching/presentation_figures/compaction_parallelism/final-speedup-cpu-8mb-sst_4sst/sst_8MB/input_4sst/value_32/subcomp_8/repeat_01,compactall,compactall,compaction_wall_sum,0.059419,rocksdb.compaction.times.micros,59419.0,1,8,32,4,input_4sst,32,16,8,5,1,1,699051,33554432,7,39693886,39759621,1,5.0,5,0.059419,0.175098,0.0,0.008468775,0.0,14.252638045069757,85.74736195493024,294.6835187397971,39693886.0,39469999.0,698865.0,697813.0,699050.6666666666,33545520.0,33495024.0,637.0864470381127,633.4930630754535,538.4052382990658,538.5482758040357,1270.5795101135661,11761641.899055857,11743937.1244888,11764766.601031095,23505579.023544658,11.761641899055856,11.7439371244888,11.764766601031095,23.50557902354466,0.0,0.0,0.0,0.0,0.0,0.0,0.0,0.0,0.0,0.0,0.0,0.0,0.0,0.0,computation
/home/1755_project/invalidation-aware-caching/presentation_figures/compaction_parallelism/final-speedup-cpu-8mb-sst_4sst/sst_8MB/input_4sst/value_32/subcomp_8/repeat_02,compactall,compactall,compaction_wall_sum,0.053919,rocksdb.compaction.times.micros,53919.0,1,8,32,4,input_4sst,32,16,8,5,2,1,699051,33554432,7,39693886,39759621,1,5.0,5,0.053919,0.159238,0.0,0.009104873,0.0,16.88620523377659,83.1137947662234,295.3281774513622,39693886.0,39469999.0,698865.0,697813.0,699050.6666666666,33545520.0,33495024.0,702.0723603285969,698.1124337409886,593.325188792303,593.4828168178193,1400.1847940695857,12961386.52423079,12941875.776627904,12964829.960990869,25903262.300858695,12.96138652423079,12.941875776627905,12.964829960990869,25.903262300858696,0.0,0.0,0.0,0.0,0.0,0.0,0.0,0.0,0.0,0.0,0.0,0.0,0.0,0.0,computation
/home/1755_project/invalidation-aware-caching/presentation_figures/compaction_parallelism/final-speedup-cpu-8mb-sst_4sst/sst_8MB/input_4sst/value_32/subcomp_8/repeat_03,compactall,compactall,compaction_wall_sum,0.060014,rocksdb.compaction.times.micros,60014.0,1,8,32,4,input_4sst,32,16,8,5,3,1,699051,33554432,7,39693886,39759621,1,5.0,5,0.060014,0.181046,0.0,0.008004955,0.0,13.33847935481721,86.66152064518279,301.67294297997137,39693886.0,39469999.0,698865.0,697813.0,699050.6666666666,33545520.0,33495024.0,630.7701469083484,627.2123890239006,533.0672985385442,533.2089179191522,1257.982535932249,11645032.82567401,11627503.582497418,11648126.548249852,23272536.408171427,11.64503282567401,11.627503582497418,11.648126548249852,23.272536408171426,0.0,0.0,0.0,0.0,0.0,0.0,0.0,0.0,0.0,0.0,0.0,0.0,0.0,0.0,computation
/home/1755_project/invalidation-aware-caching/presentation_figures/compaction_parallelism/final-speedup-cpu-8mb-sst_4sst/sst_8MB/input_4sst/value_32/subcomp_8/repeat_04,compactall,compactall,compaction_wall_sum,0.057834,rocksdb.compaction.times.micros,57834.0,1,8,32,4,input_4sst,32,16,8,5,4,1,699051,33554432,7,39693886,39759621,1,5.0,5,0.057834,0.163297,0.0,0.008905376,0.0,15.398167168101807,84.6018328318982,282.35467026316695,39693886.0,39469999.0,698865.0,697813.0,699050.6666666666,33545520.0,33495024.0,654.5464535836638,650.8545892533867,553.1607852559426,553.3077428502265,1305.4010428370507,12083981.740844484,12065791.748798285,12087192.07847748,24149773.48964277,12.083981740844484,12.065791748798285,12.087192078477479,24.14977348964277,0.0,0.0,0.0,0.0,0.0,0.0,0.0,0.0,0.0,0.0,0.0,0.0,0.0,0.0,computation
/home/1755_project/invalidation-aware-caching/presentation_figures/compaction_parallelism/final-speedup-cpu-8mb-sst_4sst/sst_8MB/input_4sst/value_32/subcomp_8/repeat_05,compactall,compactall,compaction_wall_sum,0.06614,rocksdb.compaction.times.micros,66140.0,1,8,32,4,input_4sst,32,16,8,5,5,1,699051,33554432,7,39693886,39759621,1,5.0,5,0.06614,0.173358,0.0,0.00802942,0.0,12.140036286664651,87.85996371333535,262.10765043846385,39693886.0,39469999.0,698865.0,697813.0,699050.6666666666,33545520.0,33495024.0,572.3471363253344,569.1189040653215,483.69369299201975,483.8221953432113,1141.466040390656,10566449.954641668,10550544.29996976,10569257.131337566,21116994.25461143,10.566449954641667,10.550544299969761,10.569257131337567,21.116994254611427,0.0,0.0,0.0,0.0,0.0,0.0,0.0,0.0,0.0,0.0,0.0,0.0,0.0,0.0,computation
/home/1755_project/invalidation-aware-caching/presentation_figures/compaction_parallelism/final-speedup-cpu-8mb-sst_4sst/sst_8MB/input_4sst/value_32/subcomp_16/repeat_01,compactall,compactall,compaction_wall_sum,0.058096,rocksdb.compaction.times.micros,58096.0,1,8,32,4,input_4sst,32,16,16,5,1,1,699051,33554432,7,39693886,39759621,1,5.0,5,0.058096,0.16427,0.0,0.008366495000000002,0.0,14.40115498485266,85.59884501514733,282.756127788488,39693886.0,39469999.0,698865.0,697813.0,699050.6666666666,33545520.0,33495024.0,651.594595093597,647.9193802478719,550.6661535130162,550.8124483613329,1299.513975341469,12029485.678876342,12011377.719636463,12032681.538602771,24040863.398512807,12.029485678876343,12.011377719636462,12.032681538602771,24.04086339851281,0.0,0.0,0.0,0.0,0.0,0.0,0.0,0.0,0.0,0.0,0.0,0.0,0.0,0.0,computation
/home/1755_project/invalidation-aware-caching/presentation_figures/compaction_parallelism/final-speedup-cpu-8mb-sst_4sst/sst_8MB/input_4sst/value_32/subcomp_16/repeat_02,compactall,compactall,compaction_wall_sum,0.072322,rocksdb.compaction.times.micros,72322.0,1,8,32,4,input_4sst,32,16,16,5,2,1,699051,33554432,7,39693886,39759621,1,5.0,5,0.072322,0.230789,0.0,0.009166167,0.0,12.674106081137138,87.32589391886286,319.11313293327066,39693886.0,39469999.0,698865.0,697813.0,699050.6666666666,33545520.0,33495024.0,523.4235723093611,520.4712855684352,442.34812165720234,442.465639777661,1043.8948578777963,9663242.16697547,9648696.10906778,9665809.389489597,19311938.27604325,9.66324216697547,9.648696109067782,9.665809389489597,19.31193827604325,0.0,0.0,0.0,0.0,0.0,0.0,0.0,0.0,0.0,0.0,0.0,0.0,0.0,0.0,computation
/home/1755_project/invalidation-aware-caching/presentation_figures/compaction_parallelism/final-speedup-cpu-8mb-sst_4sst/sst_8MB/input_4sst/value_32/subcomp_16/repeat_03,compactall,compactall,compaction_wall_sum,0.06857,rocksdb.compaction.times.micros,68570.0,1,8,32,4,input_4sst,32,16,16,5,3,1,699051,33554432,7,39693886,39759621,1,5.0,5,0.06857,0.223407,0.0,0.008540248,0.0,12.454787808079335,87.54521219192067,325.8086626804725,39693886.0,39469999.0,698865.0,697813.0,699050.6666666666,33545520.0,33495024.0,552.0641621198426,548.9503327239371,466.55244063719095,466.6763890914394,1101.0144948437799,10191993.583199648,10176651.596908268,10194701.278498856,20368645.180107918,10.191993583199649,10.176651596908268,10.194701278498856,20.36864518010792,0.0,0.0,0.0,0.0,0.0,0.0,0.0,0.0,0.0,0.0,0.0,0.0,0.0,0.0,computation
/home/1755_project/invalidation-aware-caching/presentation_figures/compaction_parallelism/final-speedup-cpu-8mb-sst_4sst/sst_8MB/input_4sst/value_32/subcomp_16/repeat_04,compactall,compactall,compaction_wall_sum,0.065493,rocksdb.compaction.times.micros,65493.0,1,8,32,4,input_4sst,32,16,16,5,4,1,699051,33554432,7,39693886,39759621,1,5.0,5,0.065493,0.188443,0.0,0.007829616,0.0,11.954889835554946,88.04511016444505,287.72998641076146,39693886.0,39469999.0,698865.0,697813.0,699050.6666666666,33545520.0,33495024.0,578.0013069573484,574.7411832543993,488.4720634952161,488.60183531064393,1152.7424902117477,10670835.051074162,10654772.265738323,10673669.959639452,21325607.316812485,10.670835051074162,10.654772265738323,10.673669959639453,21.325607316812487,0.0,0.0,0.0,0.0,0.0,0.0,0.0,0.0,0.0,0.0,0.0,0.0,0.0,0.0,computation
/home/1755_project/invalidation-aware-caching/presentation_figures/compaction_parallelism/final-speedup-cpu-8mb-sst_4sst/sst_8MB/input_4sst/value_32/subcomp_16/repeat_05,compactall,compactall,compaction_wall_sum,0.060667,rocksdb.compaction.times.micros,60667.0,1,8,32,4,input_4sst,32,16,16,5,5,1,699051,33554432,7,39693886,39759621,1,5.0,5,0.060667,0.169871,0.0,0.00803678,0.0,13.24736677271004,86.75263322728996,280.0056043648112,39693886.0,39469999.0,698865.0,697813.0,699050.6666666666,33545520.0,33495024.0,623.9807407084184,620.4612773811194,527.3295342524303,527.4696292877512,1244.442018089538,11519689.452255758,11502348.888192922,11522749.875000687,23022038.340448678,11.519689452255758,11.502348888192921,11.522749875000688,23.022038340448677,0.0,0.0,0.0,0.0,0.0,0.0,0.0,0.0,0.0,0.0,0.0,0.0,0.0,0.0,computation
/home/1755_project/invalidation-aware-caching/presentation_figures/compaction_parallelism/final-speedup-cpu-8mb-sst_4sst/sst_8MB/input_4sst/value_32/subcomp_32/repeat_01,compactall,compactall,compaction_wall_sum,0.063628,rocksdb.compaction.times.micros,63628.0,1,8,32,4,input_4sst,32,16,32,5,1,1,699051,33554432,7,39693886,39759621,1,5.0,5,0.063628,0.188291,0.0,0.008265977999999998,0.0,12.991101401898533,87.00889859810147,295.92475011001443,39693886.0,39469999.0,698865.0,697813.0,699050.6666666666,33545520.0,33495024.0,594.9431004676811,591.587419294656,502.7896657838088,502.9232413402904,1186.530519762337,10983607.845602565,10967074.244043503,10986525.84815909,21950682.089646067,10.983607845602565,10.967074244043504,10.98652584815909,21.95068208964607,0.0,0.0,0.0,0.0,0.0,0.0,0.0,0.0,0.0,0.0,0.0,0.0,0.0,0.0,computation
/home/1755_project/invalidation-aware-caching/presentation_figures/compaction_parallelism/final-speedup-cpu-8mb-sst_4sst/sst_8MB/input_4sst/value_32/subcomp_32/repeat_02,compactall,compactall,compaction_wall_sum,0.05804,rocksdb.compaction.times.micros,58040.0,1,8,32,4,input_4sst,32,16,32,5,2,1,699051,33554432,7,39693886,39759621,1,5.0,5,0.05804,0.173192,0.0,0.011657757,0.0,20.085728807718812,79.91427119228119,298.40110268780154,39693886.0,39469999.0,698865.0,697813.0,699050.6666666666,33545520.0,33495024.0,652.2232873286978,648.5445264452165,551.1974647569294,551.3439007580979,1300.7678137739142,12041092.350103376,12022966.919365954,12044291.2933609,24064059.269469332,12.041092350103376,12.022966919365954,12.0442912933609,24.064059269469332,0.0,0.0,0.0,0.0,0.0,0.0,0.0,0.0,0.0,0.0,0.0,0.0,0.0,0.0,computation
/home/1755_project/invalidation-aware-caching/presentation_figures/compaction_parallelism/final-speedup-cpu-8mb-sst_4sst/sst_8MB/input_4sst/value_32/subcomp_32/repeat_03,compactall,compactall,compaction_wall_sum,0.064841,rocksdb.compaction.times.micros,64841.0,1,8,32,4,input_4sst,32,16,32,5,3,1,699051,33554432,7,39693886,39759621,1,5.0,5,0.064841,0.188554,0.0,0.008827587999999999,0.0,13.614207060347619,86.38579293965238,290.79440477475674,39693886.0,39469999.0,698865.0,697813.0,699050.6666666666,33545520.0,33495024.0,583.8133217648959,580.520416324245,493.3838289738312,493.51490569238604,1164.333738089141,10778134.205209667,10761909.90268503,10780997.619818736,21540044.107894696,10.778134205209668,10.76190990268503,10.780997619818736,21.540044107894698,0.0,0.0,0.0,0.0,0.0,0.0,0.0,0.0,0.0,0.0,0.0,0.0,0.0,0.0,computation
/home/1755_project/invalidation-aware-caching/presentation_figures/compaction_parallelism/final-speedup-cpu-8mb-sst_4sst/sst_8MB/input_4sst/value_32/subcomp_32/repeat_04,compactall,compactall,compaction_wall_sum,0.060668,rocksdb.compaction.times.micros,60668.0,1,8,32,4,input_4sst,32,16,32,5,4,1,699051,33554432,7,39693886,39759621,1,5.0,5,0.060668,0.180212,0.0,0.008462675,0.0,13.94915771081954,86.05084228918047,297.04621876442275,39693886.0,39469999.0,698865.0,697813.0,699050.6666666666,33545520.0,33495024.0,623.9704555376412,620.451050222199,527.3208421983943,527.4609349245071,1244.4215057598403,11519499.57143799,11502159.293202348,11522559.9437375,23021658.864640336,11.51949957143799,11.502159293202348,11.5225599437375,23.021658864640337,0.0,0.0,0.0,0.0,0.0,0.0,0.0,0.0,0.0,0.0,0.0,0.0,0.0,0.0,computation
/home/1755_project/invalidation-aware-caching/presentation_figures/compaction_parallelism/final-speedup-cpu-8mb-sst_4sst/sst_8MB/input_4sst/value_32/subcomp_32/repeat_05,compactall,compactall,compaction_wall_sum,0.055947,rocksdb.compaction.times.micros,55947.0,1,8,32,4,input_4sst,32,16,32,5,5,1,699051,33554432,7,39693886,39759621,1,5.0,5,0.055947,0.165145,0.0,0.010471795,0.0,18.717348562031926,81.28265143796807,295.1811535917922,39693886.0,39469999.0,698865.0,697813.0,699050.6666666666,33545520.0,33495024.0,676.623225491226,672.8068406684965,571.8179858525424,571.9699000840081,1349.4300661597224,12491554.506944073,12472750.99647881,12494873.123968517,24964305.503422882,12.491554506944073,12.47275099647881,12.494873123968517,24.96430550342288,0.0,0.0,0.0,0.0,0.0,0.0,0.0,0.0,0.0,0.0,0.0,0.0,0.0,0.0,computation
/home/1755_project/invalidation-aware-caching/presentation_figures/compaction_parallelism/final-speedup-cpu-8mb-sst_4sst/sst_8MB/input_4sst/value_64/subcomp_1/repeat_01,compactall,compactall,compaction_wall_sum,0.120898,rocksdb.compaction.times.micros,120898.0,1,8,32,4,input_4sst,64,16,1,5,1,1,419431,33554432,6,37263412,37325142,1,1.0,1,0.120898,0.090868,0.022963835999999998,0.007066164,18.994388658207743,5.8447319227778785,75.16087941901438,75.16087941901438,37263412.0,37159477.0,419354.0,418984.0,419430.4,33548320.0,33518720.0,293.94331557233744,293.123449734394,264.63772057915037,264.6859335969164,587.0667653067314,3468659.53117504,3465599.1000678255,3469291.468841503,6934258.631242866,3.46865953117504,3.4655991000678257,3.469291468841503,6.934258631242866,15.9274,15.9274,1.2841,243609.7801,554194.3314,79.6371,79.6371,6.25,0.625,0.0,79.6371,0.0,79.6371,79.6371,computation
/home/1755_project/invalidation-aware-caching/presentation_figures/compaction_parallelism/final-speedup-cpu-8mb-sst_4sst/sst_8MB/input_4sst/value_64/subcomp_1/repeat_02,compactall,compactall,compaction_wall_sum,0.119856,rocksdb.compaction.times.micros,119856.0,1,8,32,4,input_4sst,64,16,1,5,2,1,419431,33554432,6,37263412,37325142,1,1.0,1,0.119856,0.091579,0.021140404,0.007136595999999999,17.63816913629689,5.954308503537577,76.40752236016553,76.40752236016553,37263412.0,37159477.0,419354.0,418984.0,419430.4,33548320.0,33518720.0,296.49878993178856,295.6717963722197,266.9384189575668,266.98705112802025,592.1705863040083,3498815.244960619,3495728.2071819515,3499452.676545188,6994543.452142571,3.4988152449606194,3.4957282071819513,3.4994526765451877,6.994543452142571,16.9236,16.9236,1.3738,243620.5017,553860.3397,79.6406,79.6406,5.625,0.625,0.0,79.6406,0.0,79.6406,79.6406,computation
/home/1755_project/invalidation-aware-caching/presentation_figures/compaction_parallelism/final-speedup-cpu-8mb-sst_4sst/sst_8MB/input_4sst/value_64/subcomp_1/repeat_03,compactall,compactall,compaction_wall_sum,0.123411,rocksdb.compaction.times.micros,123411.0,1,8,32,4,input_4sst,64,16,1,5,3,1,419431,33554432,6,37263412,37325142,1,1.0,1,0.123411,0.090407,0.025948457,0.007055543,21.026048731474503,5.717110306212574,73.25684096231292,73.25684096231292,37263412.0,37159477.0,419354.0,418984.0,419430.4,33548320.0,33518720.0,287.95779116986694,287.1546201391186,259.24894168735466,259.2961729505473,575.1124113089855,3398027.7284844946,3395029.616484754,3398646.7980974144,6793057.344969248,3.3980277284844944,3.395029616484754,3.398646798097414,6.793057344969248,17.9199,17.9199,1.4635,243630.7222,554003.0413,79.6439,79.6439,5.625,1.25,0.0,79.6439,0.0,79.6439,79.6439,computation
/home/1755_project/invalidation-aware-caching/presentation_figures/compaction_parallelism/final-speedup-cpu-8mb-sst_4sst/sst_8MB/input_4sst/value_64/subcomp_1/repeat_04,compactall,compactall,compaction_wall_sum,0.126018,rocksdb.compaction.times.micros,126018.0,1,8,32,4,input_4sst,64,16,1,5,4,1,419431,33554432,6,37263412,37325142,1,1.0,1,0.126018,0.090839,0.028089037,0.0070899629999999995,22.28970226475583,5.626151026043899,72.08414670920027,72.08414670920028,37263412.0,37159477.0,419354.0,418984.0,419430.4,33548320.0,33518720.0,282.00065836677663,281.2141029534572,253.88572380594937,253.93197797140093,563.2147613202338,3327730.9590693396,3324794.870574045,3328337.2216667463,6652525.829643385,3.3277309590693394,3.324794870574045,3.328337221666746,6.652525829643385,20.9334,20.9334,1.3357,243943.3527,544466.5709,0.0,0.0,5.625,1.25,0.0,0.0,0.0,0.0,0.0,computation
/home/1755_project/invalidation-aware-caching/presentation_figures/compaction_parallelism/final-speedup-cpu-8mb-sst_4sst/sst_8MB/input_4sst/value_64/subcomp_1/repeat_05,compactall,compactall,compaction_wall_sum,0.119025,rocksdb.compaction.times.micros,119025.0,1,8,32,4,input_4sst,64,16,1,5,5,1,419431,33554432,6,37263412,37325142,1,1.0,1,0.119025,0.089736,0.0222241,0.0070649,18.671791640411676,5.93564377231674,75.3925645872716,75.39256458727156,37263412.0,37159477.0,419354.0,418984.0,419430.4,33548320.0,33518720.0,298.5688633989872,297.736095996545,268.802109998556,268.85108170552405,596.3049593955321,3523243.0161730726,3520134.4255408524,3523884.898130645,7043377.441713925,3.5232430161730726,3.5201344255408524,3.523884898130645,7.043377441713925,15.926,15.926,1.294,241905.2952,553705.6232,89.5835,89.5835,6.2112,0.6211,0.0,89.5835,0.0,89.5835,89.5835,computation
/home/1755_project/invalidation-aware-caching/presentation_figures/compaction_parallelism/final-speedup-cpu-8mb-sst_4sst/sst_8MB/input_4sst/value_64/subcomp_2/repeat_01,compactall,compactall,compaction_wall_sum,0.06763,rocksdb.compaction.times.micros,67630.0,1,8,32,4,input_4sst,64,16,2,5,1,1,419431,33554432,6,37263412,37325142,1,2.0,2,0.06763,0.096799,0.0,0.007222279000000001,0.0,10.679105426585837,89.32089457341417,143.1302676327074,37263412.0,37160845.0,419354.0,418984.0,419430.4,33548320.0,33518720.0,525.464423570375,524.0180903808016,473.07661012240317,473.1627975750407,1049.4825139511765,6200709.744196363,6195238.799349401,6201839.420375573,12395948.543545764,6.200709744196363,6.195238799349402,6.201839420375573,12.395948543545764,0.0,0.0,0.0,0.0,0.0,0.0,0.0,0.0,0.0,0.0,0.0,0.0,0.0,0.0,computation
/home/1755_project/invalidation-aware-caching/presentation_figures/compaction_parallelism/final-speedup-cpu-8mb-sst_4sst/sst_8MB/input_4sst/value_64/subcomp_2/repeat_02,compactall,compactall,compaction_wall_sum,0.067595,rocksdb.compaction.times.micros,67595.0,1,8,32,4,input_4sst,64,16,2,5,2,1,419431,33554432,6,37263412,37325142,1,2.0,2,0.067595,0.0947,0.0,0.007318886,0.0,10.827555292551224,89.17244470744878,140.0991197573785,37263412.0,37160845.0,419354.0,418984.0,419430.4,33548320.0,33518720.0,525.7365036772609,524.2894215911474,473.3215643550281,473.40779643464754,1050.0259252684084,6203920.408314224,6198446.630667948,6205050.669428213,12402367.038982173,6.203920408314224,6.198446630667948,6.205050669428212,12.402367038982174,0.0,0.0,0.0,0.0,0.0,0.0,0.0,0.0,0.0,0.0,0.0,0.0,0.0,0.0,computation
/home/1755_project/invalidation-aware-caching/presentation_figures/compaction_parallelism/final-speedup-cpu-8mb-sst_4sst/sst_8MB/input_4sst/value_64/subcomp_2/repeat_03,compactall,compactall,compaction_wall_sum,0.071409,rocksdb.compaction.times.micros,71409.0,1,8,32,4,input_4sst,64,16,2,5,3,1,419431,33554432,6,37263412,37325142,1,2.0,2,0.071409,0.096606,0.0,0.007146034,0.0,10.007189569942163,89.99281043005783,135.2854682182918,37263412.0,37160845.0,419354.0,418984.0,419430.4,33548320.0,33518720.0,497.65658342876185,496.2867909150613,448.04115927373476,448.12278564326624,993.9433743438232,5872565.082832696,5867383.663123696,5873634.975983419,11739948.745956391,5.872565082832696,5.867383663123696,5.873634975983419,11.739948745956392,0.0,0.0,0.0,0.0,0.0,0.0,0.0,0.0,0.0,0.0,0.0,0.0,0.0,0.0,computation
/home/1755_project/invalidation-aware-caching/presentation_figures/compaction_parallelism/final-speedup-cpu-8mb-sst_4sst/sst_8MB/input_4sst/value_64/subcomp_2/repeat_04,compactall,compactall,compaction_wall_sum,0.070102,rocksdb.compaction.times.micros,70102.0,1,8,32,4,input_4sst,64,16,2,5,4,1,419431,33554432,6,37263412,37325142,1,2.0,2,0.070102,0.095681,0.0,0.007733691,0.0,11.032054720264757,88.96794527973525,136.4882599640524,37263412.0,37160845.0,419354.0,418984.0,419430.4,33548320.0,33518720.0,506.9350227677449,505.53969148460266,456.3945556842619,456.4777039171493,1012.4747142523476,5982054.720264757,5976776.6968132155,5983144.56078286,11958831.417077972,5.982054720264757,5.976776696813215,5.98314456078286,11.958831417077972,0.0,0.0,0.0,0.0,0.0,0.0,0.0,0.0,0.0,0.0,0.0,0.0,0.0,0.0,computation
/home/1755_project/invalidation-aware-caching/presentation_figures/compaction_parallelism/final-speedup-cpu-8mb-sst_4sst/sst_8MB/input_4sst/value_64/subcomp_2/repeat_05,compactall,compactall,compaction_wall_sum,0.073403,rocksdb.compaction.times.micros,73403.0,1,8,32,4,input_4sst,64,16,2,5,5,1,419431,33554432,6,37263412,37325142,1,2.0,2,0.073403,0.09639,0.0,0.007543002,0.0,10.276149476179448,89.72385052382054,131.316158740106,37263412.0,37160845.0,419354.0,418984.0,419430.4,33548320.0,33518720.0,484.1376914576305,482.8051094976175,435.87007537264316,435.94948435350057,966.942800955248,5713036.251924309,5707995.586011471,5714077.081318202,11421031.83793578,5.713036251924309,5.707995586011471,5.7140770813182025,11.421031837935779,0.0,0.0,0.0,0.0,0.0,0.0,0.0,0.0,0.0,0.0,0.0,0.0,0.0,0.0,computation
/home/1755_project/invalidation-aware-caching/presentation_figures/compaction_parallelism/final-speedup-cpu-8mb-sst_4sst/sst_8MB/input_4sst/value_64/subcomp_4/repeat_01,compactall,compactall,compaction_wall_sum,0.045783,rocksdb.compaction.times.micros,45783.0,1,8,32,4,input_4sst,64,16,4,5,1,1,419431,33554432,6,37263412,37325142,1,4.0,4,0.045783,0.101066,0.0,0.007302672,0.0,15.950619225476705,84.0493807745233,220.75006006596337,37263412.0,37163400.0,419354.0,418984.0,419430.4,33548320.0,33518720.0,776.2086138100268,774.1253323358459,698.8220768096919,698.9493916956076,1550.3339461458727,9159600.725159995,9151519.122818515,9161269.466832668,18311119.84797851,9.159600725159995,9.151519122818515,9.161269466832668,18.31111984797851,0.0,0.0,0.0,0.0,0.0,0.0,0.0,0.0,0.0,0.0,0.0,0.0,0.0,0.0,computation
/home/1755_project/invalidation-aware-caching/presentation_figures/compaction_parallelism/final-speedup-cpu-8mb-sst_4sst/sst_8MB/input_4sst/value_64/subcomp_4/repeat_02,compactall,compactall,compaction_wall_sum,0.051037,rocksdb.compaction.times.micros,51037.0,1,8,32,4,input_4sst,64,16,4,5,2,1,419431,33554432,6,37263412,37325142,1,4.0,4,0.051037,0.10047,0.0,0.007442149,0.0,14.581870015870841,85.41812998412917,196.85718204439917,37263412.0,37163400.0,419354.0,418984.0,419430.4,33548320.0,33518720.0,696.3018783640193,694.4330601393505,626.8818924031218,626.9961008679977,1390.73493850337,8216666.340106198,8209416.697689911,8218163.293297021,16426083.03779611,8.216666340106197,8.209416697689912,8.218163293297021,16.42608303779611,0.0,0.0,0.0,0.0,0.0,0.0,0.0,0.0,0.0,0.0,0.0,0.0,0.0,0.0,computation
/home/1755_project/invalidation-aware-caching/presentation_figures/compaction_parallelism/final-speedup-cpu-8mb-sst_4sst/sst_8MB/input_4sst/value_64/subcomp_4/repeat_03,compactall,compactall,compaction_wall_sum,0.043518,rocksdb.compaction.times.micros,43518.0,1,8,32,4,input_4sst,64,16,4,5,3,1,419431,33554432,6,37263412,37325142,1,4.0,4,0.043518,0.100085,0.0,0.007983591,0.0,18.345491520750034,81.65450847924997,229.98529344179417,37263412.0,37163400.0,419354.0,418984.0,419430.4,33548320.0,33518720.0,816.6082762549853,814.4165653369188,735.1939689916385,735.327910289995,1631.024841591904,9636334.390367204,9627832.161404476,9638089.985753022,19264166.55177168,9.636334390367205,9.627832161404475,9.638089985753021,19.26416655177168,0.0,0.0,0.0,0.0,0.0,0.0,0.0,0.0,0.0,0.0,0.0,0.0,0.0,0.0,computation
/home/1755_project/invalidation-aware-caching/presentation_figures/compaction_parallelism/final-speedup-cpu-8mb-sst_4sst/sst_8MB/input_4sst/value_64/subcomp_4/repeat_04,compactall,compactall,compaction_wall_sum,0.042433,rocksdb.compaction.times.micros,42433.0,1,8,32,4,input_4sst,64,16,4,5,4,1,419431,33554432,6,37263412,37325142,1,4.0,4,0.042433,0.098417,0.0,0.007617095999999999,0.0,17.950877854500035,82.04912214549996,231.9350505502793,37263412.0,37163400.0,419354.0,418984.0,419430.4,33548320.0,33518720.0,837.488722599497,835.2409702432549,753.9926741587474,754.130040298824,1672.7296928427518,9882732.778733533,9874013.150142578,9884533.264204748,19756745.92887611,9.882732778733534,9.874013150142579,9.884533264204748,19.75674592887611,0.0,0.0,0.0,0.0,0.0,0.0,0.0,0.0,0.0,0.0,0.0,0.0,0.0,0.0,computation
/home/1755_project/invalidation-aware-caching/presentation_figures/compaction_parallelism/final-speedup-cpu-8mb-sst_4sst/sst_8MB/input_4sst/value_64/subcomp_4/repeat_05,compactall,compactall,compaction_wall_sum,0.046017,rocksdb.compaction.times.micros,46017.0,1,8,32,4,input_4sst,64,16,4,5,5,1,419431,33554432,6,37263412,37325142,1,4.0,4,0.046017,0.102805,0.0,0.0072864520000000006,0.0,15.834261251276702,84.1657387487233,223.40656713823148,37263412.0,37163400.0,419354.0,418984.0,419430.4,33548320.0,33518720.0,772.2615330435372,770.1888452165945,695.2685125622731,695.3951800421582,1542.4503782601316,9113023.447856227,9104982.941086989,9114683.703848578,18218006.388943214,9.113023447856227,9.10498294108699,9.114683703848579,18.218006388943213,0.0,0.0,0.0,0.0,0.0,0.0,0.0,0.0,0.0,0.0,0.0,0.0,0.0,0.0,computation
/home/1755_project/invalidation-aware-caching/presentation_figures/compaction_parallelism/final-speedup-cpu-8mb-sst_4sst/sst_8MB/input_4sst/value_64/subcomp_8/repeat_01,compactall,compactall,compaction_wall_sum,0.046316,rocksdb.compaction.times.micros,46316.0,1,8,32,4,input_4sst,64,16,8,5,1,1,419431,33554432,6,37263412,37325142,1,5.0,5,0.046316,0.12439,0.0,0.007846419,0.0,16.941054927023057,83.05894507297694,268.568097417739,37263412.0,37160600.0,419354.0,418984.0,419430.4,33548320.0,33518720.0,767.2760809669326,765.1591200070405,690.7801006688428,690.905950427498,1532.4352009739732,9054192.935486656,9046204.33543484,9055842.473443303,18100397.270921495,9.054192935486656,9.046204335434838,9.055842473443303,18.100397270921494,0.0,0.0,0.0,0.0,0.0,0.0,0.0,0.0,0.0,0.0,0.0,0.0,0.0,0.0,computation
/home/1755_project/invalidation-aware-caching/presentation_figures/compaction_parallelism/final-speedup-cpu-8mb-sst_4sst/sst_8MB/input_4sst/value_64/subcomp_8/repeat_02,compactall,compactall,compaction_wall_sum,0.061193,rocksdb.compaction.times.micros,61193.0,1,8,32,4,input_4sst,64,16,8,5,2,1,419431,33554432,6,37263412,37325142,1,5.0,5,0.061193,0.188001,0.0,0.009143782,0.0,14.942529374274836,85.05747062572516,307.22631673557436,37263412.0,37160600.0,419354.0,418984.0,419430.4,33548320.0,33518720.0,580.7389565156873,579.136662726882,522.8403762289498,522.9356298923079,1159.8756192425694,6852973.3793080915,6846926.936087461,6854221.888124459,13699900.315395553,6.852973379308091,6.846926936087462,6.854221888124459,13.699900315395553,0.0,0.0,0.0,0.0,0.0,0.0,0.0,0.0,0.0,0.0,0.0,0.0,0.0,0.0,computation
/home/1755_project/invalidation-aware-caching/presentation_figures/compaction_parallelism/final-speedup-cpu-8mb-sst_4sst/sst_8MB/input_4sst/value_64/subcomp_8/repeat_03,compactall,compactall,compaction_wall_sum,0.061156,rocksdb.compaction.times.micros,61156.0,1,8,32,4,input_4sst,64,16,8,5,3,1,419431,33554432,6,37263412,37325142,1,5.0,5,0.061156,0.167374,0.0,0.008471811,0.0,13.852787952122439,86.14721204787756,273.6836941591994,37263412.0,37160600.0,419354.0,418984.0,419430.4,33548320.0,33518720.0,581.0903094719152,579.4870462791238,523.156699957128,523.2520112499183,1160.577355751039,6857119.497678069,6851069.396297992,6858368.761854929,13708188.89397606,6.857119497678069,6.8510693962979925,6.858368761854929,13.708188893976061,0.0,0.0,0.0,0.0,0.0,0.0,0.0,0.0,0.0,0.0,0.0,0.0,0.0,0.0,computation
/home/1755_project/invalidation-aware-caching/presentation_figures/compaction_parallelism/final-speedup-cpu-8mb-sst_4sst/sst_8MB/input_4sst/value_64/subcomp_8/repeat_04,compactall,compactall,compaction_wall_sum,0.05355,rocksdb.compaction.times.micros,53550.0,1,8,32,4,input_4sst,64,16,8,5,4,1,419431,33554432,6,37263412,37325142,1,5.0,5,0.05355,0.145845,0.0,0.008169524000000001,0.0,15.255880485527545,84.74411951447246,272.3529411764706,37263412.0,37160600.0,419354.0,418984.0,419430.4,33548320.0,33518720.0,663.6257510002699,661.7947675489467,597.4635134001517,597.5723622782447,1325.4205185492165,7831073.762838469,7824164.332399626,7832500.466853408,15655238.095238095,7.831073762838469,7.824164332399627,7.832500466853408,15.655238095238095,0.0,0.0,0.0,0.0,0.0,0.0,0.0,0.0,0.0,0.0,0.0,0.0,0.0,0.0,computation
/home/1755_project/invalidation-aware-caching/presentation_figures/compaction_parallelism/final-speedup-cpu-8mb-sst_4sst/sst_8MB/input_4sst/value_64/subcomp_8/repeat_05,compactall,compactall,compaction_wall_sum,0.076566,rocksdb.compaction.times.micros,76566.0,1,8,32,4,input_4sst,64,16,8,5,5,1,419431,33554432,6,37263412,37325142,1,5.0,5,0.076566,0.250337,0.0,0.010827772999999999,0.0,14.141750907713607,85.8582490922864,326.9558289580231,37263412.0,37160600.0,419354.0,418984.0,419430.4,33548320.0,33518720.0,464.13759326678235,462.8570096680785,417.863949306195,417.94007784133953,926.9946029348608,5477026.356346159,5472193.9241961185,5478024.1882820055,10949220.280542279,5.477026356346159,5.472193924196119,5.4780241882820055,10.949220280542278,0.0,0.0,0.0,0.0,0.0,0.0,0.0,0.0,0.0,0.0,0.0,0.0,0.0,0.0,computation
/home/1755_project/invalidation-aware-caching/presentation_figures/compaction_parallelism/final-speedup-cpu-8mb-sst_4sst/sst_8MB/input_4sst/value_64/subcomp_16/repeat_01,compactall,compactall,compaction_wall_sum,0.066487,rocksdb.compaction.times.micros,66487.0,1,8,32,4,input_4sst,64,16,16,5,1,1,419431,33554432,6,37263412,37325142,1,5.0,5,0.066487,0.206158,0.0,0.009277718999999999,0.0,13.954185028652214,86.04581497134778,310.0726457803781,37263412.0,37160600.0,419354.0,418984.0,419430.4,33548320.0,33518720.0,534.497856213462,533.0231444078706,481.2094265432058,481.2970956728383,1067.5210006213326,6307308.195587107,6301743.19791839,6308457.2924030265,12609051.393505497,6.307308195587107,6.30174319791839,6.308457292403027,12.609051393505498,0.0,0.0,0.0,0.0,0.0,0.0,0.0,0.0,0.0,0.0,0.0,0.0,0.0,0.0,computation
/home/1755_project/invalidation-aware-caching/presentation_figures/compaction_parallelism/final-speedup-cpu-8mb-sst_4sst/sst_8MB/input_4sst/value_64/subcomp_16/repeat_02,compactall,compactall,compaction_wall_sum,0.04254,rocksdb.compaction.times.micros,42540.0,1,8,32,4,input_4sst,64,16,16,5,2,1,419431,33554432,6,37263412,37325142,1,5.0,5,0.04254,0.110124,0.0,0.008058761000000001,0.0,18.943960977903153,81.05603902209685,258.8716502115656,37263412.0,37160600.0,419354.0,418984.0,419430.4,33548320.0,33518720.0,835.3822041858123,833.0773343264244,752.0961716638017,752.2331922896097,1668.4595385122366,9857874.941231782,9849177.244945932,9859670.897978373,19707052.186177716,9.857874941231781,9.849177244945933,9.859670897978372,19.707052186177716,0.0,0.0,0.0,0.0,0.0,0.0,0.0,0.0,0.0,0.0,0.0,0.0,0.0,0.0,computation
/home/1755_project/invalidation-aware-caching/presentation_figures/compaction_parallelism/final-speedup-cpu-8mb-sst_4sst/sst_8MB/input_4sst/value_64/subcomp_16/repeat_03,compactall,compactall,compaction_wall_sum,0.043728,rocksdb.compaction.times.micros,43728.0,1,8,32,4,input_4sst,64,16,16,5,3,1,419431,33554432,6,37263412,37325142,1,5.0,5,0.043728,0.115839,0.0,0.007843558,0.0,17.937152396633735,82.06284760336627,264.90806805708013,37263412.0,37160600.0,419354.0,418984.0,419430.4,33548320.0,33518720.0,812.6865844782394,810.4443332017493,731.6632624994998,731.7965605561653,1623.1309176799887,9590056.714233443,9581595.316502012,9591803.87852177,19171652.030735455,9.590056714233443,9.581595316502012,9.59180387852177,19.171652030735455,0.0,0.0,0.0,0.0,0.0,0.0,0.0,0.0,0.0,0.0,0.0,0.0,0.0,0.0,computation
/home/1755_project/invalidation-aware-caching/presentation_figures/compaction_parallelism/final-speedup-cpu-8mb-sst_4sst/sst_8MB/input_4sst/value_64/subcomp_16/repeat_04,compactall,compactall,compaction_wall_sum,0.07077,rocksdb.compaction.times.micros,70770.0,1,8,32,4,input_4sst,64,16,16,5,4,1,419431,33554432,6,37263412,37325142,1,5.0,5,0.07077,0.24012,0.0,0.010279354,0.0,14.52501624982337,85.47498375017663,339.2963119966087,37263412.0,37160600.0,419354.0,418984.0,419430.4,33548320.0,33518720.0,502.15004897646537,500.7645867210131,452.0866347686608,452.16899816306346,1002.9146356974784,5925589.939239791,5920361.73519853,5926669.492722905,11845951.674438322,5.92558993923979,5.92036173519853,5.9266694927229056,11.845951674438322,0.0,0.0,0.0,0.0,0.0,0.0,0.0,0.0,0.0,0.0,0.0,0.0,0.0,0.0,computation
/home/1755_project/invalidation-aware-caching/presentation_figures/compaction_parallelism/final-speedup-cpu-8mb-sst_4sst/sst_8MB/input_4sst/value_64/subcomp_16/repeat_05,compactall,compactall,compaction_wall_sum,0.044099,rocksdb.compaction.times.micros,44099.0,1,8,32,4,input_4sst,64,16,16,5,5,1,419431,33554432,6,37263412,37325142,1,5.0,5,0.044099,0.108125,0.0,0.007896116,0.0,17.90543096215334,82.09456903784667,245.186965690832,37263412.0,37160600.0,419354.0,418984.0,419430.4,33548320.0,33518720.0,805.8495423040081,803.6261548390235,725.5078605541651,725.6400371890519,1609.4756971430315,9509376.629855553,9500986.416925553,9511109.095444342,19010363.046781108,9.509376629855552,9.500986416925553,9.511109095444342,19.01036304678111,0.0,0.0,0.0,0.0,0.0,0.0,0.0,0.0,0.0,0.0,0.0,0.0,0.0,0.0,computation
/home/1755_project/invalidation-aware-caching/presentation_figures/compaction_parallelism/final-speedup-cpu-8mb-sst_4sst/sst_8MB/input_4sst/value_64/subcomp_32/repeat_01,compactall,compactall,compaction_wall_sum,0.078299,rocksdb.compaction.times.micros,78299.0,1,8,32,4,input_4sst,64,16,32,5,1,1,419431,33554432,6,37263412,37325142,1,5.0,5,0.078299,0.252051,0.0,0.010471668,0.0,13.373948581718798,86.62605141828121,321.9083257768299,37263412.0,37160600.0,419354.0,418984.0,419430.4,33548320.0,33518720.0,453.8647871117697,452.612546804507,408.6153225785531,408.68976615282446,906.4773339162767,5355802.756101611,5351077.280680469,5356778.502918301,10706880.03678208,5.355802756101611,5.351077280680469,5.356778502918301,10.70688003678208,0.0,0.0,0.0,0.0,0.0,0.0,0.0,0.0,0.0,0.0,0.0,0.0,0.0,0.0,computation
/home/1755_project/invalidation-aware-caching/presentation_figures/compaction_parallelism/final-speedup-cpu-8mb-sst_4sst/sst_8MB/input_4sst/value_64/subcomp_32/repeat_02,compactall,compactall,compaction_wall_sum,0.04325,rocksdb.compaction.times.micros,43250.0,1,8,32,4,input_4sst,64,16,32,5,2,1,419431,33554432,6,37263412,37325142,1,5.0,5,0.04325,0.103919,0.0,0.008748129,0.0,20.226887861271678,79.77311213872832,240.2751445086705,37263412.0,37160600.0,419354.0,418984.0,419430.4,33548320.0,33518720.0,821.6684154003342,819.4013827108924,739.7496217937139,739.8843930635838,1641.0697981112266,9696046.242774567,9687491.329479769,9697812.716763007,19383537.572254337,9.696046242774568,9.68749132947977,9.697812716763007,19.383537572254337,0.0,0.0,0.0,0.0,0.0,0.0,0.0,0.0,0.0,0.0,0.0,0.0,0.0,0.0,computation
/home/1755_project/invalidation-aware-caching/presentation_figures/compaction_parallelism/final-speedup-cpu-8mb-sst_4sst/sst_8MB/input_4sst/value_64/subcomp_32/repeat_03,compactall,compactall,compaction_wall_sum,0.045463,rocksdb.compaction.times.micros,45463.0,1,8,32,4,input_4sst,64,16,32,5,3,1,419431,33554432,6,37263412,37325142,1,5.0,5,0.045463,0.115869,0.0,0.008474444999999999,0.0,18.640311901986227,81.35968809801378,254.86439522248858,37263412.0,37160600.0,419354.0,418984.0,419430.4,33548320.0,33518720.0,781.6721062416569,779.5154257802188,703.7408693350224,703.8690803510547,1561.1875320218758,9224072.322548006,9215933.836306447,9225752.809977343,18440006.15885445,9.224072322548006,9.215933836306448,9.225752809977344,18.44000615885445,0.0,0.0,0.0,0.0,0.0,0.0,0.0,0.0,0.0,0.0,0.0,0.0,0.0,0.0,computation
/home/1755_project/invalidation-aware-caching/presentation_figures/compaction_parallelism/final-speedup-cpu-8mb-sst_4sst/sst_8MB/input_4sst/value_64/subcomp_32/repeat_04,compactall,compactall,compaction_wall_sum,0.072292,rocksdb.compaction.times.micros,72292.0,1,8,32,4,input_4sst,64,16,32,5,4,1,419431,33554432,6,37263412,37325142,1,5.0,5,0.072292,0.228768,0.0,0.010972659,0.0,15.178247938914403,84.82175206108559,316.44995296851664,37263412.0,37160600.0,419354.0,418984.0,419430.4,33548320.0,33518720.0,491.57803029470006,490.2217368760872,442.5686264396908,442.6492557959387,981.7997671707873,5800835.500470315,5795717.368450175,5801892.325568528,11596552.86892049,5.800835500470315,5.795717368450175,5.801892325568528,11.59655286892049,0.0,0.0,0.0,0.0,0.0,0.0,0.0,0.0,0.0,0.0,0.0,0.0,0.0,0.0,computation
/home/1755_project/invalidation-aware-caching/presentation_figures/compaction_parallelism/final-speedup-cpu-8mb-sst_4sst/sst_8MB/input_4sst/value_64/subcomp_32/repeat_05,compactall,compactall,compaction_wall_sum,0.051644,rocksdb.compaction.times.micros,51644.0,1,8,32,4,input_4sst,64,16,32,5,5,1,419431,33554432,6,37263412,37325142,1,5.0,5,0.051644,0.146201,0.0,0.007815046,0.0,15.13253427310046,84.86746572689954,283.0938734412516,37263412.0,37160600.0,419354.0,418984.0,419430.4,33548320.0,33518720.0,688.1178639544662,686.2193052870825,619.5138088176385,619.6266749283557,1374.3371692415487,8120091.394934552,8112926.961505692,8121570.753620943,16233018.356440244,8.120091394934551,8.112926961505693,8.121570753620944,16.233018356440244,0.0,0.0,0.0,0.0,0.0,0.0,0.0,0.0,0.0,0.0,0.0,0.0,0.0,0.0,computation
/home/1755_project/invalidation-aware-caching/presentation_figures/compaction_parallelism/final-speedup-cpu-8mb-sst_4sst/sst_8MB/input_4sst/value_128/subcomp_1/repeat_01,compactall,compactall,compaction_wall_sum,0.093892,rocksdb.compaction.times.micros,93892.0,1,8,32,4,input_4sst,128,16,1,5,1,1,233017,33554432,6,35875080,35936952,1,1.0,1,0.093892,0.057773,0.029192291000000002,0.006926709,31.091350700805183,7.377315426234396,61.531333872960424,61.53133387296042,35875080.0,35828256.0,232992.0,232883.0,233016.88888888888,33550848.0,33535152.0,364.3882587975496,363.91266081059223,340.7807058242449,340.8171090188727,728.3009196081418,2481489.3707664125,2480328.462488817,2481754.4507400934,4961817.8332552295,2.4814893707664125,2.480328462488817,2.4817544507400933,4.961817833255229,0.0,0.0,0.0,0.0,0.0,0.0,0.0,0.0,0.0,0.0,0.0,0.0,0.0,0.0,computation
/home/1755_project/invalidation-aware-caching/presentation_figures/compaction_parallelism/final-speedup-cpu-8mb-sst_4sst/sst_8MB/input_4sst/value_128/subcomp_1/repeat_02,compactall,compactall,compaction_wall_sum,0.083306,rocksdb.compaction.times.micros,83306.0,1,8,32,4,input_4sst,128,16,1,5,2,1,233017,33554432,6,35875080,35936952,1,1.0,1,0.083306,0.05731,0.019075667999999997,0.006920332,22.89831224641682,8.307123136388736,68.79456461719444,68.79456461719442,35875080.0,35828256.0,232992.0,232883.0,233016.88888888888,33550848.0,33535152.0,410.69241585263404,410.1563818791939,384.08496424327177,384.12599332581084,820.8487977318279,2796821.3574052285,2795512.9282404627,2797120.122066704,5592334.285645692,2.7968213574052285,2.7955129282404627,2.797120122066704,5.592334285645691,0.0,0.0,0.0,0.0,0.0,0.0,0.0,0.0,0.0,0.0,0.0,0.0,0.0,0.0,computation
/home/1755_project/invalidation-aware-caching/presentation_figures/compaction_parallelism/final-speedup-cpu-8mb-sst_4sst/sst_8MB/input_4sst/value_128/subcomp_1/repeat_03,compactall,compactall,compaction_wall_sum,0.089981,rocksdb.compaction.times.micros,89981.0,1,8,32,4,input_4sst,128,16,1,5,3,1,233017,33554432,6,35875080,35936952,1,1.0,1,0.089981,0.057785,0.025321814999999998,0.0068741850000000005,28.14129093919827,7.639596136962249,64.21911292383948,64.21911292383948,35875080.0,35828256.0,232992.0,232883.0,233016.88888888888,33550848.0,33535152.0,380.2262966072785,379.73002688154304,355.5926476839555,355.63063313366155,759.9563234888216,2589346.6398461894,2588135.2730020783,2589623.241449738,5177481.912848268,2.5893466398461893,2.588135273002078,2.589623241449738,5.177481912848267,0.0,0.0,0.0,0.0,0.0,0.0,0.0,0.0,0.0,0.0,0.0,0.0,0.0,0.0,computation
/home/1755_project/invalidation-aware-caching/presentation_figures/compaction_parallelism/final-speedup-cpu-8mb-sst_4sst/sst_8MB/input_4sst/value_128/subcomp_1/repeat_04,compactall,compactall,compaction_wall_sum,0.092509,rocksdb.compaction.times.micros,92509.0,1,8,32,4,input_4sst,128,16,1,5,4,1,233017,33554432,6,35875080,35936952,1,1.0,1,0.092509,0.056247,0.029433991000000003,0.006828009,31.81743506037251,7.380913208444586,60.801651731182915,60.801651731182915,35875080.0,35828256.0,232992.0,232883.0,233016.88888888888,33550848.0,33535152.0,369.83582564960744,369.3531175218425,345.875342196435,345.9122896150645,739.1889431714499,2518587.3806872847,2517409.1169507834,2518856.423579207,5035996.497638068,2.518587380687285,2.5174091169507835,2.5188564235792072,5.0359964976380684,0.0,0.0,0.0,0.0,0.0,0.0,0.0,0.0,0.0,0.0,0.0,0.0,0.0,0.0,computation
/home/1755_project/invalidation-aware-caching/presentation_figures/compaction_parallelism/final-speedup-cpu-8mb-sst_4sst/sst_8MB/input_4sst/value_128/subcomp_1/repeat_05,compactall,compactall,compaction_wall_sum,0.091386,rocksdb.compaction.times.micros,91386.0,1,8,32,4,input_4sst,128,16,1,5,5,1,233017,33554432,6,35875080,35936952,1,1.0,1,0.091386,0.058639,0.025844192999999998,0.0069028069999999995,28.280254087059287,7.553462237104151,64.16628367583655,64.16628367583657,35875080.0,35828256.0,232992.0,232883.0,233016.88888888888,33550848.0,33535152.0,374.3805658965217,373.8919259933483,350.12564321942097,350.16304466767343,748.27249188987,2549537.1282253303,2548344.385354431,2549809.4772600713,5097881.513579761,2.5495371282253303,2.5483443853544308,2.5498094772600712,5.097881513579761,0.0,0.0,0.0,0.0,0.0,0.0,0.0,0.0,0.0,0.0,0.0,0.0,0.0,0.0,computation
/home/1755_project/invalidation-aware-caching/presentation_figures/compaction_parallelism/final-speedup-cpu-8mb-sst_4sst/sst_8MB/input_4sst/value_128/subcomp_2/repeat_01,compactall,compactall,compaction_wall_sum,0.050832,rocksdb.compaction.times.micros,50832.0,1,8,32,4,input_4sst,128,16,2,5,1,1,233017,33554432,6,35875080,35936952,1,2.0,2,0.050832,0.060649,0.0,0.00697929,0.0,13.730110953729932,86.26988904627007,119.31263770853006,35875080.0,35829434.0,232992.0,232883.0,233016.88888888888,33550848.0,33535152.0,673.0630782778472,672.2067000545493,629.4574683516289,629.5247088448222,1345.2697783323965,4583569.40509915,4581425.086559648,4584059.035428251,9164994.491658797,4.58356940509915,4.581425086559648,4.584059035428251,9.164994491658797,0.0,0.0,0.0,0.0,0.0,0.0,0.0,0.0,0.0,0.0,0.0,0.0,0.0,0.0,computation
/home/1755_project/invalidation-aware-caching/presentation_figures/compaction_parallelism/final-speedup-cpu-8mb-sst_4sst/sst_8MB/input_4sst/value_128/subcomp_2/repeat_02,compactall,compactall,compaction_wall_sum,0.053069,rocksdb.compaction.times.micros,53069.0,1,8,32,4,input_4sst,128,16,2,5,2,1,233017,33554432,6,35875080,35936952,1,2.0,2,0.053069,0.060511,0.0,0.006963778,0.0,13.122120258531348,86.87787974146865,114.02325274642446,35875080.0,35829434.0,232992.0,232883.0,233016.88888888888,33550848.0,33535152.0,644.6916730109768,643.8713934156071,602.9241559337844,602.9885620607134,1288.5630664265839,4390359.720364055,4388305.790574535,4390828.711467879,8778665.51093859,4.390359720364055,4.388305790574535,4.390828711467879,8.778665510938591,0.0,0.0,0.0,0.0,0.0,0.0,0.0,0.0,0.0,0.0,0.0,0.0,0.0,0.0,computation
/home/1755_project/invalidation-aware-caching/presentation_figures/compaction_parallelism/final-speedup-cpu-8mb-sst_4sst/sst_8MB/input_4sst/value_128/subcomp_2/repeat_03,compactall,compactall,compaction_wall_sum,0.056306,rocksdb.compaction.times.micros,56306.0,1,8,32,4,input_4sst,128,16,2,5,3,1,233017,33554432,6,35875080,35936952,1,2.0,2,0.056306,0.060665,0.0,0.006951539,0.0,12.346000426242318,87.65399957375769,107.74162611444605,35875080.0,35829434.0,232992.0,232883.0,233016.88888888888,33550848.0,33535152.0,607.6287144357534,606.8555922490117,568.2623882223919,568.3230916776187,1214.484306684765,4137960.4305047416,4136024.579973715,4138402.4595760466,8273985.0104784565,4.137960430504742,4.136024579973715,4.138402459576047,8.273985010478457,0.0,0.0,0.0,0.0,0.0,0.0,0.0,0.0,0.0,0.0,0.0,0.0,0.0,0.0,computation
/home/1755_project/invalidation-aware-caching/presentation_figures/compaction_parallelism/final-speedup-cpu-8mb-sst_4sst/sst_8MB/input_4sst/value_128/subcomp_2/repeat_04,compactall,compactall,compaction_wall_sum,0.052147,rocksdb.compaction.times.micros,52147.0,1,8,32,4,input_4sst,128,16,2,5,4,1,233017,33554432,6,35875080,35936952,1,2.0,2,0.052147,0.060026,0.0,0.007014691,0.0,13.451763284560952,86.54823671543905,115.1092105010835,35875080.0,35829434.0,232992.0,232883.0,233016.88888888888,33550848.0,33535152.0,656.0903291660024,655.2555463818217,613.5843295156002,613.6498743935414,1311.345875547824,4467984.735459374,4465894.490574721,4468462.018695014,8933879.226034096,4.467984735459375,4.465894490574721,4.468462018695013,8.933879226034096,0.0,0.0,0.0,0.0,0.0,0.0,0.0,0.0,0.0,0.0,0.0,0.0,0.0,0.0,computation
/home/1755_project/invalidation-aware-caching/presentation_figures/compaction_parallelism/final-speedup-cpu-8mb-sst_4sst/sst_8MB/input_4sst/value_128/subcomp_2/repeat_05,compactall,compactall,compaction_wall_sum,0.049233,rocksdb.compaction.times.micros,49233.0,1,8,32,4,input_4sst,128,16,2,5,5,1,233017,33554432,6,35875080,35936952,1,2.0,2,0.049233,0.060009,0.0,0.0069043789999999996,0.0,14.023884386488735,85.97611561351127,121.88775821095608,35875080.0,35829434.0,232992.0,232883.0,233016.88888888888,33550848.0,33535152.0,694.9229662019283,694.0387743418612,649.9011238650905,649.9705482095343,1388.9617405437893,4732435.561513619,4730221.59933378,4732941.094162226,9462657.1608474,4.732435561513618,4.73022159933378,4.732941094162226,9.4626571608474,0.0,0.0,0.0,0.0,0.0,0.0,0.0,0.0,0.0,0.0,0.0,0.0,0.0,0.0,computation
/home/1755_project/invalidation-aware-caching/presentation_figures/compaction_parallelism/final-speedup-cpu-8mb-sst_4sst/sst_8MB/input_4sst/value_128/subcomp_4/repeat_01,compactall,compactall,compaction_wall_sum,0.034134,rocksdb.compaction.times.micros,34134.0,1,8,32,4,input_4sst,128,16,4,5,1,1,233017,33554432,6,35875080,35936952,1,4.0,4,0.034134,0.062409,0.0,0.007306004,0.0,21.403890549012715,78.59610945098729,182.8352961856214,35875080.0,35831951.0,232992.0,232883.0,233016.88888888888,33550848.0,33535152.0,1002.3185795693307,1001.1135927646114,937.3815559632625,937.4816898107459,2003.4321723339422,6825804.183512041,6822610.8865061235,6826533.335937449,13648415.070018165,6.825804183512042,6.822610886506124,6.826533335937449,13.648415070018165,0.0,0.0,0.0,0.0,0.0,0.0,0.0,0.0,0.0,0.0,0.0,0.0,0.0,0.0,computation
/home/1755_project/invalidation-aware-caching/presentation_figures/compaction_parallelism/final-speedup-cpu-8mb-sst_4sst/sst_8MB/input_4sst/value_128/subcomp_4/repeat_02,compactall,compactall,compaction_wall_sum,0.035831,rocksdb.compaction.times.micros,35831.0,1,8,32,4,input_4sst,128,16,4,5,2,1,233017,33554432,6,35875080,35936952,1,4.0,4,0.035831,0.063189,0.0,0.007975177,0.0,22.257757249309257,77.74224275069074,176.35287879210736,35875080.0,35831951.0,232992.0,232883.0,233016.88888888888,33550848.0,33535152.0,954.8475452825634,953.699628127243,892.9860185663252,893.0814099522759,1908.5471734098064,6502525.745862521,6499483.687309871,6503220.364736928,13002009.433172392,6.502525745862521,6.499483687309872,6.5032203647369276,13.002009433172391,0.0,0.0,0.0,0.0,0.0,0.0,0.0,0.0,0.0,0.0,0.0,0.0,0.0,0.0,computation
/home/1755_project/invalidation-aware-caching/presentation_figures/compaction_parallelism/final-speedup-cpu-8mb-sst_4sst/sst_8MB/input_4sst/value_128/subcomp_4/repeat_03,compactall,compactall,compaction_wall_sum,0.037531,rocksdb.compaction.times.micros,37531.0,1,8,32,4,input_4sst,128,16,4,5,3,1,233017,33554432,6,35875080,35936952,1,4.0,4,0.037531,0.0717,0.0,0.007735899,0.0,20.61202472622632,79.38797527377368,191.04207188723987,35875080.0,35831951.0,232992.0,232883.0,233016.88888888888,33550848.0,33535152.0,911.5968771154387,910.5009558878593,852.5374232301297,852.6284937784765,1822.0978330032979,6207988.063201087,6205083.797394154,6208651.218696248,12413071.860595241,6.207988063201086,6.2050837973941535,6.2086512186962475,12.413071860595242,0.0,0.0,0.0,0.0,0.0,0.0,0.0,0.0,0.0,0.0,0.0,0.0,0.0,0.0,computation
/home/1755_project/invalidation-aware-caching/presentation_figures/compaction_parallelism/final-speedup-cpu-8mb-sst_4sst/sst_8MB/input_4sst/value_128/subcomp_4/repeat_04,compactall,compactall,compaction_wall_sum,0.039127,rocksdb.compaction.times.micros,39127.0,1,8,32,4,input_4sst,128,16,4,5,4,1,233017,33554432,6,35875080,35936952,1,4.0,4,0.039127,0.066318,0.0,0.007398287,0.0,18.908393181179235,81.09160681882076,169.49421115853502,35875080.0,35831951.0,232992.0,232883.0,233016.88888888888,33550848.0,33535152.0,874.412615202278,873.3613968724217,817.7622110371354,817.8495667953075,1747.7740120746996,5954762.695836634,5951976.8957497375,5955398.801055253,11906739.591586372,5.954762695836634,5.951976895749738,5.955398801055253,11.906739591586373,0.0,0.0,0.0,0.0,0.0,0.0,0.0,0.0,0.0,0.0,0.0,0.0,0.0,0.0,computation
/home/1755_project/invalidation-aware-caching/presentation_figures/compaction_parallelism/final-speedup-cpu-8mb-sst_4sst/sst_8MB/input_4sst/value_128/subcomp_4/repeat_05,compactall,compactall,compaction_wall_sum,0.033923,rocksdb.compaction.times.micros,33923.0,1,8,32,4,input_4sst,128,16,4,5,5,1,233017,33554432,6,35875080,35936952,1,4.0,4,0.033923,0.065293,0.0,0.007220917,0.0,21.286198154644342,78.71380184535566,192.47413259440498,35875080.0,35831951.0,232992.0,232883.0,233016.88888888888,33550848.0,33535152.0,1008.5529698145662,1007.3404880295742,943.2120399507708,943.3127966276567,2015.8934578441404,6868260.472245969,6865047.313032456,6868994.159976679,13733307.785278425,6.868260472245969,6.865047313032456,6.868994159976679,13.733307785278425,0.0,0.0,0.0,0.0,0.0,0.0,0.0,0.0,0.0,0.0,0.0,0.0,0.0,0.0,computation
/home/1755_project/invalidation-aware-caching/presentation_figures/compaction_parallelism/final-speedup-cpu-8mb-sst_4sst/sst_8MB/input_4sst/value_128/subcomp_8/repeat_01,compactall,compactall,compaction_wall_sum,0.045677,rocksdb.compaction.times.micros,45677.0,1,8,32,4,input_4sst,128,16,8,5,1,1,233017,33554432,6,35875080,35936952,1,5.0,5,0.045677,0.108584,0.0,0.007949033000000001,0.0,17.40270376776058,82.59729623223942,237.7213915099503,35875080.0,35831799.0,232992.0,232883.0,233016.88888888888,33550848.0,33535152.0,749.0234121115557,748.1197630521083,700.4965744521312,700.5714035510213,1497.143175163664,5100860.389254985,5098474.06791164,5101405.278124414,10199334.457166625,5.1008603892549855,5.098474067911639,5.101405278124415,10.199334457166625,0.0,0.0,0.0,0.0,0.0,0.0,0.0,0.0,0.0,0.0,0.0,0.0,0.0,0.0,computation
/home/1755_project/invalidation-aware-caching/presentation_figures/compaction_parallelism/final-speedup-cpu-8mb-sst_4sst/sst_8MB/input_4sst/value_128/subcomp_8/repeat_02,compactall,compactall,compaction_wall_sum,0.035187,rocksdb.compaction.times.micros,35187.0,1,8,32,4,input_4sst,128,16,8,5,2,1,233017,33554432,6,35875080,35936952,1,5.0,5,0.035187,0.065791,0.0,0.007491493,0.0,21.290513541933098,78.7094864580669,186.97530337908884,35875080.0,35831799.0,232992.0,232883.0,233016.88888888888,33550848.0,33535152.0,972.3233692846655,971.1503230434862,909.329639675164,909.4267769346633,1943.4736923281519,6621536.362861283,6618438.627902349,6622243.694798899,13239974.990763633,6.621536362861283,6.618438627902349,6.6222436947988985,13.239974990763633,0.0,0.0,0.0,0.0,0.0,0.0,0.0,0.0,0.0,0.0,0.0,0.0,0.0,0.0,computation
/home/1755_project/invalidation-aware-caching/presentation_figures/compaction_parallelism/final-speedup-cpu-8mb-sst_4sst/sst_8MB/input_4sst/value_128/subcomp_8/repeat_03,compactall,compactall,compaction_wall_sum,0.046788,rocksdb.compaction.times.micros,46788.0,1,8,32,4,input_4sst,128,16,8,5,3,1,233017,33554432,6,35875080,35936952,1,5.0,5,0.046788,0.112837,0.0,0.008194018,0.0,17.513076002393777,82.48692399760623,241.16653842865693,35875080.0,35831799.0,232992.0,232883.0,233016.88888888888,33550848.0,33535152.0,731.2375479828061,730.3553564360766,683.8629997274942,683.9360519791398,1461.5929044188827,4979738.394460117,4977408.737283064,4980270.344722767,9957147.131743181,4.979738394460117,4.977408737283064,4.980270344722768,9.95714713174318,0.0,0.0,0.0,0.0,0.0,0.0,0.0,0.0,0.0,0.0,0.0,0.0,0.0,0.0,computation
/home/1755_project/invalidation-aware-caching/presentation_figures/compaction_parallelism/final-speedup-cpu-8mb-sst_4sst/sst_8MB/input_4sst/value_128/subcomp_8/repeat_04,compactall,compactall,compaction_wall_sum,0.034685,rocksdb.compaction.times.micros,34685.0,1,8,32,4,input_4sst,128,16,8,5,4,1,233017,33554432,6,35875080,35936952,1,5.0,5,0.034685,0.06762,0.0,0.0073108999999999995,0.0,21.077987602710106,78.92201239728989,194.95459132189708,35875080.0,35831799.0,232992.0,232883.0,233016.88888888888,33550848.0,33535152.0,986.3959174000153,985.2058935254764,922.4904722862909,922.5890154245351,1971.6018109254917,6717370.62130604,6714228.052472251,6718088.190540259,13431598.67377829,6.71737062130604,6.714228052472251,6.718088190540259,13.43159867377829,0.0,0.0,0.0,0.0,0.0,0.0,0.0,0.0,0.0,0.0,0.0,0.0,0.0,0.0,computation
/home/1755_project/invalidation-aware-caching/presentation_figures/compaction_parallelism/final-speedup-cpu-8mb-sst_4sst/sst_8MB/input_4sst/value_128/subcomp_8/repeat_05,compactall,compactall,compaction_wall_sum,0.038658,rocksdb.compaction.times.micros,38658.0,1,8,32,4,input_4sst,128,16,8,5,5,1,233017,33554432,6,35875080,35936952,1,5.0,5,0.038658,0.076878,0.0,0.007617004,0.0,19.703564592063742,80.29643540793626,198.8669874282167,35875080.0,35831799.0,232992.0,232883.0,233016.88888888888,33550848.0,33535152.0,885.0210149262645,883.9532934174338,827.6833263813442,827.7717419421595,1768.9743083436983,6027006.053080863,6024186.4555848725,6027649.875546818,12051192.508665737,6.027006053080863,6.024186455584872,6.0276498755468175,12.051192508665737,0.0,0.0,0.0,0.0,0.0,0.0,0.0,0.0,0.0,0.0,0.0,0.0,0.0,0.0,computation
/home/1755_project/invalidation-aware-caching/presentation_figures/compaction_parallelism/final-speedup-cpu-8mb-sst_4sst/sst_8MB/input_4sst/value_128/subcomp_16/repeat_01,compactall,compactall,compaction_wall_sum,0.041045,rocksdb.compaction.times.micros,41045.0,1,8,32,4,input_4sst,128,16,16,5,1,1,233017,33554432,6,35875080,35936952,1,5.0,5,0.041045,0.087213,0.0,0.008082109,0.0,19.690849068095993,80.30915093190401,212.48142282860277,35875080.0,35831799.0,232992.0,232883.0,233016.88888888888,33550848.0,33535152.0,833.5520135222204,832.5463860867621,779.5488374040688,779.6321110975758,1666.0983996089824,5676501.40090145,5673845.779023023,5677107.781432304,11350347.179924473,5.67650140090145,5.673845779023023,5.677107781432303,11.350347179924473,0.0,0.0,0.0,0.0,0.0,0.0,0.0,0.0,0.0,0.0,0.0,0.0,0.0,0.0,computation
/home/1755_project/invalidation-aware-caching/presentation_figures/compaction_parallelism/final-speedup-cpu-8mb-sst_4sst/sst_8MB/input_4sst/value_128/subcomp_16/repeat_02,compactall,compactall,compaction_wall_sum,0.044162,rocksdb.compaction.times.micros,44162.0,1,8,32,4,input_4sst,128,16,16,5,2,1,233017,33554432,6,35875080,35936952,1,5.0,5,0.044162,0.103067,0.0,0.007448523,0.0,16.86636248358317,83.13363751641683,233.3839047144604,35875080.0,35831799.0,232992.0,232883.0,233016.88888888888,33550848.0,33535152.0,774.7190434088023,773.7843942061309,724.5274677607446,724.604863910149,1548.5034376149333,5275848.014129795,5273379.828812101,5276411.595690614,10549227.842941895,5.275848014129795,5.273379828812101,5.276411595690614,10.549227842941896,0.0,0.0,0.0,0.0,0.0,0.0,0.0,0.0,0.0,0.0,0.0,0.0,0.0,0.0,computation
/home/1755_project/invalidation-aware-caching/presentation_figures/compaction_parallelism/final-speedup-cpu-8mb-sst_4sst/sst_8MB/input_4sst/value_128/subcomp_16/repeat_03,compactall,compactall,compaction_wall_sum,0.036516,rocksdb.compaction.times.micros,36516.0,1,8,32,4,input_4sst,128,16,16,5,3,1,233017,33554432,6,35875080,35936952,1,5.0,5,0.036516,0.07954,0.0,0.007938556,0.0,21.739938657027054,78.26006134297295,217.82232446051046,35875080.0,35831799.0,232992.0,232883.0,233016.88888888888,33550848.0,33535152.0,936.9356554666319,935.8053022491827,876.2345829567861,876.328184905247,1872.7409577158146,6380545.514295104,6377560.52141527,6381227.102883363,12758106.035710374,6.380545514295104,6.37756052141527,6.381227102883363,12.758106035710373,0.0,0.0,0.0,0.0,0.0,0.0,0.0,0.0,0.0,0.0,0.0,0.0,0.0,0.0,computation
/home/1755_project/invalidation-aware-caching/presentation_figures/compaction_parallelism/final-speedup-cpu-8mb-sst_4sst/sst_8MB/input_4sst/value_128/subcomp_16/repeat_04,compactall,compactall,compaction_wall_sum,0.035994,rocksdb.compaction.times.micros,35994.0,1,8,32,4,input_4sst,128,16,16,5,4,1,233017,33554432,6,35875080,35936952,1,5.0,5,0.035994,0.070216,0.0,0.007303876,0.0,20.291926432183143,79.70807356781685,195.07695727065624,35875080.0,35831799.0,232992.0,232883.0,233016.88888888888,33550848.0,33535152.0,950.5234871095053,949.3767410382607,888.9421023295549,889.037061732511,1899.900228147766,6473078.846474413,6470050.563982886,6473770.319744648,12943129.410457298,6.4730788464744125,6.470050563982887,6.473770319744649,12.943129410457297,0.0,0.0,0.0,0.0,0.0,0.0,0.0,0.0,0.0,0.0,0.0,0.0,0.0,0.0,computation
/home/1755_project/invalidation-aware-caching/presentation_figures/compaction_parallelism/final-speedup-cpu-8mb-sst_4sst/sst_8MB/input_4sst/value_128/subcomp_16/repeat_05,compactall,compactall,compaction_wall_sum,0.03897,rocksdb.compaction.times.micros,38970.0,1,8,32,4,input_4sst,128,16,16,5,5,1,233017,33554432,6,35875080,35936952,1,5.0,5,0.03897,0.070425,0.0,0.007357524999999999,0.0,18.87997177315884,81.12002822684116,180.715935334873,35875080.0,35831799.0,232992.0,232883.0,233016.88888888888,33550848.0,33535152.0,877.9353963310119,876.8762231699039,821.056762413395,821.1444701052092,1754.8116195009159,5978752.886836028,5975955.863484732,5979391.554757221,11954708.75032076,5.978752886836028,5.975955863484732,5.97939155475722,11.95470875032076,0.0,0.0,0.0,0.0,0.0,0.0,0.0,0.0,0.0,0.0,0.0,0.0,0.0,0.0,computation
/home/1755_project/invalidation-aware-caching/presentation_figures/compaction_parallelism/final-speedup-cpu-8mb-sst_4sst/sst_8MB/input_4sst/value_128/subcomp_32/repeat_01,compactall,compactall,compaction_wall_sum,0.035155,rocksdb.compaction.times.micros,35155.0,1,8,32,4,input_4sst,128,16,32,5,1,1,233017,33554432,6,35875080,35936952,1,5.0,5,0.035155,0.068449,0.0,0.00807169,0.0,22.96029014364955,77.03970985635044,194.7063006684682,35875080.0,35831799.0,232992.0,232883.0,233016.88888888888,33550848.0,33535152.0,973.2084310914388,972.0343170795379,910.1573611506187,910.254586829754,1945.2427481709767,6627563.646707439,6624463.09202105,6628271.622497194,13252026.738728488,6.627563646707439,6.62446309202105,6.628271622497194,13.252026738728487,0.0,0.0,0.0,0.0,0.0,0.0,0.0,0.0,0.0,0.0,0.0,0.0,0.0,0.0,computation
/home/1755_project/invalidation-aware-caching/presentation_figures/compaction_parallelism/final-speedup-cpu-8mb-sst_4sst/sst_8MB/input_4sst/value_128/subcomp_32/repeat_02,compactall,compactall,compaction_wall_sum,0.042727,rocksdb.compaction.times.micros,42727.0,1,8,32,4,input_4sst,128,16,32,5,2,1,233017,33554432,6,35875080,35936952,1,5.0,5,0.042727,0.102148,0.0,0.00789611,0.0,18.480375406651532,81.51962459334847,239.07131322114822,35875080.0,35831799.0,232992.0,232883.0,233016.88888888888,33550848.0,33535152.0,800.7382309785272,799.7721912825883,748.8609551630117,748.9409506869192,1600.5104222611155,5453039.061951459,5450487.981838182,5453621.571579771,10903527.04378964,5.4530390619514595,5.450487981838181,5.453621571579771,10.90352704378964,0.0,0.0,0.0,0.0,0.0,0.0,0.0,0.0,0.0,0.0,0.0,0.0,0.0,0.0,computation
/home/1755_project/invalidation-aware-caching/presentation_figures/compaction_parallelism/final-speedup-cpu-8mb-sst_4sst/sst_8MB/input_4sst/value_128/subcomp_32/repeat_03,compactall,compactall,compaction_wall_sum,0.041314,rocksdb.compaction.times.micros,41314.0,1,8,32,4,input_4sst,128,16,32,5,3,1,233017,33554432,6,35875080,35936952,1,5.0,5,0.041314,0.096787,0.0,0.008768551,0.0,21.224163721740815,78.77583627825919,234.27167546110277,35875080.0,35831799.0,232992.0,232883.0,233016.88888888888,33550848.0,33535152.0,828.1246646419987,827.1255849574273,774.4731091458102,774.5558406351358,1655.250249599426,5639541.075664424,5636902.7448322605,5640143.507984918,11276443.820496686,5.639541075664424,5.636902744832261,5.640143507984917,11.276443820496686,0.0,0.0,0.0,0.0,0.0,0.0,0.0,0.0,0.0,0.0,0.0,0.0,0.0,0.0,computation
/home/1755_project/invalidation-aware-caching/presentation_figures/compaction_parallelism/final-speedup-cpu-8mb-sst_4sst/sst_8MB/input_4sst/value_128/subcomp_32/repeat_04,compactall,compactall,compaction_wall_sum,0.045761,rocksdb.compaction.times.micros,45761.0,1,8,32,4,input_4sst,128,16,32,5,4,1,233017,33554432,6,35875080,35936952,1,5.0,5,0.045761,0.104484,0.0,0.008243376,0.0,18.013976967286553,81.98602303271345,228.32542995126852,35875080.0,35831799.0,232992.0,232883.0,233016.88888888888,33550848.0,33535152.0,747.6484865938141,746.746496294468,699.2107259729901,699.2854177137737,1494.3949828882821,5091497.126373986,5089115.1854198985,5092041.015032208,10180612.311793884,5.091497126373985,5.089115185419899,5.0920410150322075,10.180612311793885,0.0,0.0,0.0,0.0,0.0,0.0,0.0,0.0,0.0,0.0,0.0,0.0,0.0,0.0,computation
/home/1755_project/invalidation-aware-caching/presentation_figures/compaction_parallelism/final-speedup-cpu-8mb-sst_4sst/sst_8MB/input_4sst/value_128/subcomp_32/repeat_05,compactall,compactall,compaction_wall_sum,0.036164,rocksdb.compaction.times.micros,36164.0,1,8,32,4,input_4sst,128,16,32,5,5,1,233017,33554432,6,35875080,35936952,1,5.0,5,0.036164,0.06879,0.0,0.007581313,0.0,20.963701471076206,79.0362985289238,190.21679017807764,35875080.0,35831799.0,232992.0,232883.0,233016.88888888888,33550848.0,33535152.0,946.0552592362441,944.9139037974546,884.7633566875899,884.8578697046786,1890.9691630336988,6442650.149319765,6439636.102201084,6443338.372107313,12882286.25152085,6.442650149319765,6.439636102201083,6.443338372107313,12.88228625152085,0.0,0.0,0.0,0.0,0.0,0.0,0.0,0.0,0.0,0.0,0.0,0.0,0.0,0.0,computation
/home/1755_project/invalidation-aware-caching/presentation_figures/compaction_parallelism/final-speedup-cpu-8mb-sst_4sst/sst_8MB/input_4sst/value_256/subcomp_1/repeat_01,compactall,compactall,compaction_wall_sum,0.06631,rocksdb.compaction.times.micros,66310.0,1,8,32,4,input_4sst,256,16,1,5,1,1,123362,33554432,5,34802527,34860271,1,1.0,1,0.06631,0.037346,0.022224221,0.006739779,33.5156401749359,10.164046146885841,56.320313678178266,56.32031367817826,34802527.0,34777339.0,123356.0,123318.0,123361.88235294117,33552832.0,33542496.0,500.53198832657307,500.1697330305146,482.55880140391724,482.58181269793397,1000.7017213570876,1860292.5652239483,1859719.4993213695,1860381.2751159882,3720012.064545318,1.8602925652239484,1.8597194993213695,1.8603812751159883,3.720012064545318,0.0,0.0,0.0,0.0,0.0,0.0,0.0,0.0,0.0,0.0,0.0,0.0,0.0,0.0,computation
/home/1755_project/invalidation-aware-caching/presentation_figures/compaction_parallelism/final-speedup-cpu-8mb-sst_4sst/sst_8MB/input_4sst/value_256/subcomp_1/repeat_02,compactall,compactall,compaction_wall_sum,0.0768,rocksdb.compaction.times.micros,76800.0,1,8,32,4,input_4sst,256,16,1,5,2,1,123362,33554432,5,34802527,34860271,1,1.0,1,0.0768,0.039786,0.030331525,0.006682475,39.49417317708334,8.701139322916667,51.80468749999999,51.8046875,34802527.0,34777339.0,123356.0,123318.0,123361.88235294117,33552832.0,33542496.0,432.16505398352945,431.8522786100706,416.6467984517416,416.6666666666667,864.0173325936,1606197.9166666667,1605703.1250000002,1606274.5098039217,3211901.041666667,1.6061979166666667,1.6057031250000002,1.6062745098039217,3.211901041666667,0.0,0.0,0.0,0.0,0.0,0.0,0.0,0.0,0.0,0.0,0.0,0.0,0.0,0.0,computation
/home/1755_project/invalidation-aware-caching/presentation_figures/compaction_parallelism/final-speedup-cpu-8mb-sst_4sst/sst_8MB/input_4sst/value_256/subcomp_1/repeat_03,compactall,compactall,compaction_wall_sum,0.065034,rocksdb.compaction.times.micros,65034.0,1,8,32,4,input_4sst,256,16,1,5,3,1,123362,33554432,5,34802527,34860271,1,1.0,1,0.065034,0.036645,0.021718018,0.006670982,33.394867300181446,10.257683673155581,56.34744902666297,56.34744902666298,34802527.0,34777339.0,123356.0,123318.0,123361.88235294117,33552832.0,33542496.0,510.35267930521053,509.9833163768709,492.0268493571632,492.0503121444168,1020.3359956820814,1896792.4470277086,1896208.1372820372,1896882.8974527353,3793000.584309746,1.8967924470277087,1.8962081372820372,1.8968828974527354,3.793000584309746,0.0,0.0,0.0,0.0,0.0,0.0,0.0,0.0,0.0,0.0,0.0,0.0,0.0,0.0,computation
/home/1755_project/invalidation-aware-caching/presentation_figures/compaction_parallelism/final-speedup-cpu-8mb-sst_4sst/sst_8MB/input_4sst/value_256/subcomp_1/repeat_04,compactall,compactall,compaction_wall_sum,0.066532,rocksdb.compaction.times.micros,66532.0,1,8,32,4,input_4sst,256,16,1,5,4,1,123362,33554432,5,34802527,34860271,1,1.0,1,0.066532,0.036915,0.02283208,0.00678492,34.317441231287205,10.197979919437264,55.48457884927553,55.48457884927554,34802527.0,34777339.0,123356.0,123318.0,123361.88235294117,33552832.0,33542496.0,498.8618431121124,498.5007965678684,480.9486280450573,480.9715625563639,997.3626396799808,1854085.2522094634,1853514.0984789275,1854173.6660996391,3707599.350688391,1.8540852522094633,1.8535140984789276,1.854173666099639,3.707599350688391,0.0,0.0,0.0,0.0,0.0,0.0,0.0,0.0,0.0,0.0,0.0,0.0,0.0,0.0,computation
/home/1755_project/invalidation-aware-caching/presentation_figures/compaction_parallelism/final-speedup-cpu-8mb-sst_4sst/sst_8MB/input_4sst/value_256/subcomp_1/repeat_05,compactall,compactall,compaction_wall_sum,0.062381,rocksdb.compaction.times.micros,62381.0,1,8,32,4,input_4sst,256,16,1,5,5,1,123362,33554432,5,34802527,34860271,1,1.0,1,0.062381,0.036403,0.019265841,0.006712159,30.88414901973357,10.759941328289061,58.35590965197737,58.35590965197737,34802527.0,34777339.0,123356.0,123318.0,123361.88235294117,33552832.0,33542496.0,532.0574557306721,531.6723841755249,512.9522470158181,512.9767076513682,1063.729839906197,1977461.085907568,1976851.9260672322,1977555.3830964745,3954313.0119748,1.977461085907568,1.9768519260672321,1.9775553830964745,3.9543130119748,0.0,0.0,0.0,0.0,0.0,0.0,0.0,0.0,0.0,0.0,0.0,0.0,0.0,0.0,computation
/home/1755_project/invalidation-aware-caching/presentation_figures/compaction_parallelism/final-speedup-cpu-8mb-sst_4sst/sst_8MB/input_4sst/value_256/subcomp_2/repeat_01,compactall,compactall,compaction_wall_sum,0.043019,rocksdb.compaction.times.micros,43019.0,1,8,32,4,input_4sst,256,16,2,5,1,1,123362,33554432,5,34802527,34860271,1,2.0,2,0.043019,0.040176,0.0,0.007341935999999999,0.0,17.066728654780444,82.93327134521955,93.39129221971687,34802527.0,34778734.0,123356.0,123318.0,123361.88235294117,33552832.0,33542496.0,771.5259802862702,770.9985209541087,743.8218954669738,743.8573653501941,1542.5245012403789,2867477.161254329,2866593.830632976,2867613.899740607,5734070.991887305,2.867477161254329,2.8665938306329757,2.867613899740607,5.734070991887305,0.0,0.0,0.0,0.0,0.0,0.0,0.0,0.0,0.0,0.0,0.0,0.0,0.0,0.0,computation
/home/1755_project/invalidation-aware-caching/presentation_figures/compaction_parallelism/final-speedup-cpu-8mb-sst_4sst/sst_8MB/input_4sst/value_256/subcomp_2/repeat_02,compactall,compactall,compaction_wall_sum,0.045164,rocksdb.compaction.times.micros,45164.0,1,8,32,4,input_4sst,256,16,2,5,2,1,123362,33554432,5,34802527,34860271,1,2.0,2,0.045164,0.041734,0.0,0.007037761,0.0,15.582678682136214,84.41732131786378,92.40545567265963,34802527.0,34778734.0,123356.0,123318.0,123361.88235294117,33552832.0,33542496.0,734.8834502244057,734.3810418236826,708.4951315448974,708.5289168364184,1469.2644920480882,2731290.4082897883,2730449.030201045,2731420.652575971,5461739.438490833,2.731290408289788,2.730449030201045,2.731420652575971,5.4617394384908335,0.0,0.0,0.0,0.0,0.0,0.0,0.0,0.0,0.0,0.0,0.0,0.0,0.0,0.0,computation
/home/1755_project/invalidation-aware-caching/presentation_figures/compaction_parallelism/final-speedup-cpu-8mb-sst_4sst/sst_8MB/input_4sst/value_256/subcomp_2/repeat_03,compactall,compactall,compaction_wall_sum,0.042171,rocksdb.compaction.times.micros,42171.0,1,8,32,4,input_4sst,256,16,2,5,3,1,123362,33554432,5,34802527,34860271,1,2.0,2,0.042171,0.041908,0.0,0.00701567,0.0,16.63624291574779,83.36375708425221,99.37634867563018,34802527.0,34778734.0,123356.0,123318.0,123361.88235294117,33552832.0,33542496.0,787.0402918103687,786.5022260066113,758.7791164803716,758.8152996134785,1573.54251781698,2925138.1280975076,2924237.034929217,2925277.616204054,5849375.163026725,2.9251381280975077,2.924237034929217,2.925277616204054,5.849375163026725,0.0,0.0,0.0,0.0,0.0,0.0,0.0,0.0,0.0,0.0,0.0,0.0,0.0,0.0,computation
/home/1755_project/invalidation-aware-caching/presentation_figures/compaction_parallelism/final-speedup-cpu-8mb-sst_4sst/sst_8MB/input_4sst/value_256/subcomp_2/repeat_04,compactall,compactall,compaction_wall_sum,0.041292,rocksdb.compaction.times.micros,41292.0,1,8,32,4,input_4sst,256,16,2,5,4,1,123362,33554432,5,34802527,34860271,1,2.0,2,0.041292,0.040121,0.0,0.007350258,0.0,17.800682941005523,82.19931705899448,97.16409958345442,34802527.0,34778734.0,123356.0,123318.0,123361.88235294117,33552832.0,33542496.0,803.7943462640477,803.2448264294488,774.931563525471,774.9685169040007,1607.0391726934965,2987406.76160031,2986486.486486486,2987549.21904827,5973893.248086796,2.98740676160031,2.986486486486486,2.98754921904827,5.973893248086796,0.0,0.0,0.0,0.0,0.0,0.0,0.0,0.0,0.0,0.0,0.0,0.0,0.0,0.0,computation
/home/1755_project/invalidation-aware-caching/presentation_figures/compaction_parallelism/final-speedup-cpu-8mb-sst_4sst/sst_8MB/input_4sst/value_256/subcomp_2/repeat_05,compactall,compactall,compaction_wall_sum,0.042072,rocksdb.compaction.times.micros,42072.0,1,8,32,4,input_4sst,256,16,2,5,5,1,123362,33554432,5,34802527,34860271,1,2.0,2,0.042072,0.040074,0.0,0.0069749040000000005,0.0,16.578494010268113,83.42150598973188,95.25099828864803,34802527.0,34778734.0,123356.0,123318.0,123361.88235294117,33552832.0,33542496.0,788.8922833698198,788.3529514386006,760.5646064150445,760.600874691006,1577.2452348084205,2932021.2968244916,2931118.083285796,2932161.1131617506,5863139.380110287,2.9320212968244914,2.931118083285796,2.9321611131617504,5.863139380110287,0.0,0.0,0.0,0.0,0.0,0.0,0.0,0.0,0.0,0.0,0.0,0.0,0.0,0.0,computation
/home/1755_project/invalidation-aware-caching/presentation_figures/compaction_parallelism/final-speedup-cpu-8mb-sst_4sst/sst_8MB/input_4sst/value_256/subcomp_4/repeat_01,compactall,compactall,compaction_wall_sum,0.026123,rocksdb.compaction.times.micros,26123.0,1,8,32,4,input_4sst,256,16,4,5,1,1,123362,33554432,5,34802527,34860271,1,4.0,4,0.026123,0.041093,0.0,0.007439204,0.0,28.477602113080426,71.52239788691958,157.30582245530758,34802527.0,34781395.0,123356.0,123318.0,123361.88235294117,33552832.0,33542496.0,1270.538458290972,1269.766990785161,1224.9157493815317,1224.9741607012977,2540.305449076133,4722122.267733415,4720667.610917582,4722347.446807073,9442789.878650997,4.722122267733415,4.720667610917582,4.722347446807073,9.442789878650997,0.0,0.0,0.0,0.0,0.0,0.0,0.0,0.0,0.0,0.0,0.0,0.0,0.0,0.0,computation
/home/1755_project/invalidation-aware-caching/presentation_figures/compaction_parallelism/final-speedup-cpu-8mb-sst_4sst/sst_8MB/input_4sst/value_256/subcomp_4/repeat_02,compactall,compactall,compaction_wall_sum,0.029222,rocksdb.compaction.times.micros,29222.0,1,8,32,4,input_4sst,256,16,4,5,2,1,123362,33554432,5,34802527,34860271,1,4.0,4,0.029222,0.049257,0.0,0.007653213,0.0,26.189901444117442,73.81009855588256,168.56135788104854,34802527.0,34781395.0,123356.0,123318.0,123361.88235294117,33552832.0,33542496.0,1135.7975547852666,1135.1079015906084,1095.0131449282646,1095.0653617137773,2270.905456375875,4221340.086236397,4220039.696119362,4221541.385016124,8441379.78235576,4.221340086236397,4.220039696119361,4.221541385016124,8.44137978235576,0.0,0.0,0.0,0.0,0.0,0.0,0.0,0.0,0.0,0.0,0.0,0.0,0.0,0.0,computation
/home/1755_project/invalidation-aware-caching/presentation_figures/compaction_parallelism/final-speedup-cpu-8mb-sst_4sst/sst_8MB/input_4sst/value_256/subcomp_4/repeat_03,compactall,compactall,compaction_wall_sum,0.031842,rocksdb.compaction.times.micros,31842.0,1,8,32,4,input_4sst,256,16,4,5,3,1,123362,33554432,5,34802527,34860271,1,4.0,4,0.031842,0.046867,0.0,0.018296121,0.0,57.459082344073856,42.540917655926144,147.18610640035172,34802527.0,34781395.0,123356.0,123318.0,123361.88235294117,33552832.0,33542496.0,1042.3426966250568,1041.7097889667973,1004.9140795519675,1004.9619998743797,2084.052485591854,3874002.889265749,3872809.4968908983,3874187.624927491,7746812.3861566475,3.874002889265749,3.8728094968908984,3.874187624927491,7.746812386156647,0.0,0.0,0.0,0.0,0.0,0.0,0.0,0.0,0.0,0.0,0.0,0.0,0.0,0.0,write
/home/1755_project/invalidation-aware-caching/presentation_figures/compaction_parallelism/final-speedup-cpu-8mb-sst_4sst/sst_8MB/input_4sst/value_256/subcomp_4/repeat_04,compactall,compactall,compaction_wall_sum,0.025048,rocksdb.compaction.times.micros,25048.0,1,8,32,4,input_4sst,256,16,4,5,4,1,123362,33554432,5,34802527,34860271,1,4.0,4,0.025048,0.039812,0.0,0.007761505,0.0,30.98652587032897,69.01347412967104,158.94282976684764,34802527.0,34781395.0,123356.0,123318.0,123361.88235294117,33552832.0,33542496.0,1325.0669173560786,1324.2623403178202,1277.4861913563457,1277.5471095496646,2649.329257673899,4924784.413925263,4923267.326732673,4925019.2571439305,9848051.740657937,4.924784413925263,4.923267326732673,4.925019257143931,9.848051740657937,0.0,0.0,0.0,0.0,0.0,0.0,0.0,0.0,0.0,0.0,0.0,0.0,0.0,0.0,computation
/home/1755_project/invalidation-aware-caching/presentation_figures/compaction_parallelism/final-speedup-cpu-8mb-sst_4sst/sst_8MB/input_4sst/value_256/subcomp_4/repeat_05,compactall,compactall,compaction_wall_sum,0.026336,rocksdb.compaction.times.micros,26336.0,1,8,32,4,input_4sst,256,16,4,5,5,1,123362,33554432,5,34802527,34860271,1,4.0,4,0.026336,0.038246,0.0,0.0068764939999999995,0.0,26.11062424058323,73.88937575941677,145.22326852976914,34802527.0,34781395.0,123356.0,123318.0,123361.88235294117,33552832.0,33542496.0,1260.262611859624,1259.4973838198953,1215.008889774216,1215.0668286755772,2519.7599956795193,4683930.741190766,4682487.849331713,4684154.099063684,9366418.59052248,4.683930741190766,4.6824878493317135,4.684154099063684,9.366418590522478,0.0,0.0,0.0,0.0,0.0,0.0,0.0,0.0,0.0,0.0,0.0,0.0,0.0,0.0,computation
/home/1755_project/invalidation-aware-caching/presentation_figures/compaction_parallelism/final-speedup-cpu-8mb-sst_4sst/sst_8MB/input_4sst/value_256/subcomp_8/repeat_01,compactall,compactall,compaction_wall_sum,0.03144,rocksdb.compaction.times.micros,31440.0,1,8,32,4,input_4sst,256,16,8,5,1,1,123362,33554432,5,34802527,34860271,1,5.0,5,0.03144,0.046867,0.0,0.008372524,0.0,26.630165394402034,73.36983460559796,149.0680661577608,34802527.0,34779910.0,123356.0,123318.0,123361.88235294117,33552832.0,33542496.0,1055.6703608757969,1054.9843159644051,1017.7631717905136,1017.8117048346055,2110.6546768402022,3923536.8956743,3922328.244274809,3923723.9934141594,7845865.1399491085,3.9235368956743,3.922328244274809,3.9237239934141592,7.845865139949108,0.0,0.0,0.0,0.0,0.0,0.0,0.0,0.0,0.0,0.0,0.0,0.0,0.0,0.0,computation
/home/1755_project/invalidation-aware-caching/presentation_figures/compaction_parallelism/final-speedup-cpu-8mb-sst_4sst/sst_8MB/input_4sst/value_256/subcomp_8/repeat_02,compactall,compactall,compaction_wall_sum,0.025807,rocksdb.compaction.times.micros,25807.0,1,8,32,4,input_4sst,256,16,8,5,2,1,123362,33554432,5,34802527,34860271,1,5.0,5,0.025807,0.040039,0.0,0.0075479679999999995,0.0,29.247754485217186,70.75224551478281,155.14782810865267,34802527.0,34779910.0,123356.0,123318.0,123361.88235294117,33552832.0,33542496.0,1286.0958711177223,1285.2600803627272,1239.9145240087475,1239.9736505599255,2571.355951480449,4779943.426202193,4778470.957492153,4780171.362535017,9558414.383694347,4.779943426202193,4.778470957492154,4.780171362535016,9.558414383694346,0.0,0.0,0.0,0.0,0.0,0.0,0.0,0.0,0.0,0.0,0.0,0.0,0.0,0.0,computation
/home/1755_project/invalidation-aware-caching/presentation_figures/compaction_parallelism/final-speedup-cpu-8mb-sst_4sst/sst_8MB/input_4sst/value_256/subcomp_8/repeat_03,compactall,compactall,compaction_wall_sum,0.038058,rocksdb.compaction.times.micros,38058.0,1,8,32,4,input_4sst,256,16,8,5,3,1,123362,33554432,5,34802527,34860271,1,5.0,5,0.038058,0.082749,0.0,0.009390530000000001,0.0,24.674260339481847,75.32573966051815,217.4286615166325,34802527.0,34779910.0,123356.0,123318.0,123361.88235294117,33552832.0,33542496.0,872.0972238671254,871.5304770066977,840.7818098978861,840.8219034105838,1743.627700873823,3241263.3349098745,3240264.8588995743,3241417.897759766,6481528.193809449,3.2412633349098745,3.2402648588995744,3.241417897759766,6.4815281938094484,0.0,0.0,0.0,0.0,0.0,0.0,0.0,0.0,0.0,0.0,0.0,0.0,0.0,0.0,computation
/home/1755_project/invalidation-aware-caching/presentation_figures/compaction_parallelism/final-speedup-cpu-8mb-sst_4sst/sst_8MB/input_4sst/value_256/subcomp_8/repeat_04,compactall,compactall,compaction_wall_sum,0.040539,rocksdb.compaction.times.micros,40539.0,1,8,32,4,input_4sst,256,16,8,5,4,1,123362,33554432,5,34802527,34860271,1,5.0,5,0.040539,0.087142,0.0,0.009235382,0.0,22.78147462936925,77.21852537063074,214.95843508719997,34802527.0,34779910.0,123356.0,123318.0,123361.88235294117,33552832.0,33542496.0,818.7245898008106,818.1925280327807,789.325689363175,789.3633291398406,1636.9171178335914,3042896.963417943,3041959.59446459,3043042.066971094,6084856.557882533,3.042896963417943,3.04195959446459,3.043042066971094,6.084856557882533,0.0,0.0,0.0,0.0,0.0,0.0,0.0,0.0,0.0,0.0,0.0,0.0,0.0,0.0,computation
/home/1755_project/invalidation-aware-caching/presentation_figures/compaction_parallelism/final-speedup-cpu-8mb-sst_4sst/sst_8MB/input_4sst/value_256/subcomp_8/repeat_05,compactall,compactall,compaction_wall_sum,0.026798,rocksdb.compaction.times.micros,26798.0,1,8,32,4,input_4sst,256,16,8,5,5,1,123362,33554432,5,34802527,34860271,1,5.0,5,0.026798,0.044405,0.0,0.007676875,0.0,28.647193820434364,71.35280617956563,165.70266437793865,34802527.0,34779910.0,123356.0,123318.0,123361.88235294117,33552832.0,33542496.0,1238.5355678011442,1237.7306848989067,1194.0620240724588,1194.1189641017986,2476.2662527000507,4603179.341741921,4601761.32547205,4603398.84890444,9204940.66721397,4.603179341741922,4.60176132547205,4.60339884890444,9.20494066721397,0.0,0.0,0.0,0.0,0.0,0.0,0.0,0.0,0.0,0.0,0.0,0.0,0.0,0.0,computation
/home/1755_project/invalidation-aware-caching/presentation_figures/compaction_parallelism/final-speedup-cpu-8mb-sst_4sst/sst_8MB/input_4sst/value_256/subcomp_16/repeat_01,compactall,compactall,compaction_wall_sum,0.02941,rocksdb.compaction.times.micros,29410.0,1,8,32,4,input_4sst,256,16,16,5,1,1,123362,33554432,5,34802527,34860271,1,5.0,5,0.02941,0.050009,0.0,0.01628318,0.0,55.36613396803809,44.63386603196191,170.0408024481469,34802527.0,34779910.0,123356.0,123318.0,123361.88235294117,33552832.0,33542496.0,1128.5371011878633,1127.8037026154675,1088.013400921243,1088.065283917035,2256.340803803331,4194355.661339681,4193063.583815029,4194555.673340401,8387419.24515471,4.194355661339681,4.193063583815029,4.194555673340401,8.38741924515471,0.0,0.0,0.0,0.0,0.0,0.0,0.0,0.0,0.0,0.0,0.0,0.0,0.0,0.0,write
/home/1755_project/invalidation-aware-caching/presentation_figures/compaction_parallelism/final-speedup-cpu-8mb-sst_4sst/sst_8MB/input_4sst/value_256/subcomp_16/repeat_02,compactall,compactall,compaction_wall_sum,0.028466,rocksdb.compaction.times.micros,28466.0,1,8,32,4,input_4sst,256,16,16,5,2,1,123362,33554432,5,34802527,34860271,1,5.0,5,0.028466,0.041504,0.0,0.014958367,0.0,52.54818731117824,47.45181268882176,145.80200941474038,34802527.0,34779910.0,123356.0,123318.0,123361.88235294117,33552832.0,33542496.0,1165.9620651280495,1165.2043453214676,1124.0945029541822,1124.148106513033,2331.166410449517,4333450.432094428,4332115.5062179435,4333657.076966949,8665565.938312372,4.333450432094428,4.332115506217944,4.333657076966949,8.665565938312373,0.0,0.0,0.0,0.0,0.0,0.0,0.0,0.0,0.0,0.0,0.0,0.0,0.0,0.0,write
/home/1755_project/invalidation-aware-caching/presentation_figures/compaction_parallelism/final-speedup-cpu-8mb-sst_4sst/sst_8MB/input_4sst/value_256/subcomp_16/repeat_03,compactall,compactall,compaction_wall_sum,0.02442,rocksdb.compaction.times.micros,24420.0,1,8,32,4,input_4sst,256,16,16,5,3,1,123362,33554432,5,34802527,34860271,1,5.0,5,0.02442,0.039064,0.0,0.0075044989999999995,0.0,30.730954135954132,69.26904586404586,159.96723996723995,34802527.0,34779910.0,123356.0,123318.0,123361.88235294117,33552832.0,33542496.0,1359.143167319208,1358.2599055659664,1310.3388255976147,1310.4013104013104,2717.4030728851744,5051433.251433251,5049877.14987715,5051674.134027075,10101310.401310401,5.051433251433251,5.049877149877149,5.051674134027075,10.101310401310402,0.0,0.0,0.0,0.0,0.0,0.0,0.0,0.0,0.0,0.0,0.0,0.0,0.0,0.0,computation
/home/1755_project/invalidation-aware-caching/presentation_figures/compaction_parallelism/final-speedup-cpu-8mb-sst_4sst/sst_8MB/input_4sst/value_256/subcomp_16/repeat_04,compactall,compactall,compaction_wall_sum,0.037434,rocksdb.compaction.times.micros,37434.0,1,8,32,4,input_4sst,256,16,16,5,4,1,123362,33554432,5,34802527,34860271,1,5.0,5,0.037434,0.084112,0.0,0.008795648,0.0,23.496415023775175,76.50358497622483,224.69412833253193,34802527.0,34779910.0,123356.0,123318.0,123361.88235294117,33552832.0,33542496.0,886.6345072911005,886.058313135676,854.7970861007038,854.8378479457177,1772.6928204267765,3295293.0490997485,3294277.929155313,3295450.188410033,6589570.978255061,3.2952930490997483,3.294277929155313,3.295450188410033,6.589570978255061,0.0,0.0,0.0,0.0,0.0,0.0,0.0,0.0,0.0,0.0,0.0,0.0,0.0,0.0,computation
/home/1755_project/invalidation-aware-caching/presentation_figures/compaction_parallelism/final-speedup-cpu-8mb-sst_4sst/sst_8MB/input_4sst/value_256/subcomp_16/repeat_05,compactall,compactall,compaction_wall_sum,0.028699,rocksdb.compaction.times.micros,28699.0,1,8,32,4,input_4sst,256,16,16,5,5,1,123362,33554432,5,34802527,34860271,1,5.0,5,0.028699,0.046086,0.0,0.007513364,0.0,26.17988083208474,73.82011916791527,160.58399247360538,34802527.0,34779910.0,123356.0,123318.0,123361.88235294117,33552832.0,33542496.0,1156.4959108657117,1155.7443427966446,1114.9682609531255,1115.0214293180948,2312.2402536623563,4298268.232342591,4296944.144395275,4298473.199517097,8595212.376737867,4.298268232342591,4.296944144395275,4.2984731995170975,8.595212376737866,0.0,0.0,0.0,0.0,0.0,0.0,0.0,0.0,0.0,0.0,0.0,0.0,0.0,0.0,computation
/home/1755_project/invalidation-aware-caching/presentation_figures/compaction_parallelism/final-speedup-cpu-8mb-sst_4sst/sst_8MB/input_4sst/value_256/subcomp_32/repeat_01,compactall,compactall,compaction_wall_sum,0.048962,rocksdb.compaction.times.micros,48962.0,1,8,32,4,input_4sst,256,16,32,5,1,1,123362,33554432,5,34802527,34860271,1,5.0,5,0.048962,0.11804,0.0,0.011577534,0.0,23.645958089947307,76.3540419100527,241.08492300151138,34802527.0,34779910.0,123356.0,123318.0,123361.88235294117,33552832.0,33542496.0,677.8782759269445,677.437745474468,653.5369086453526,653.5680731996242,1355.3160214014124,2519423.2261754014,2518647.1140884766,2519543.3673653277,5038070.340263878,2.5194232261754013,2.5186471140884765,2.5195433673653276,5.038070340263878,0.0,0.0,0.0,0.0,0.0,0.0,0.0,0.0,0.0,0.0,0.0,0.0,0.0,0.0,computation
/home/1755_project/invalidation-aware-caching/presentation_figures/compaction_parallelism/final-speedup-cpu-8mb-sst_4sst/sst_8MB/input_4sst/value_256/subcomp_32/repeat_02,compactall,compactall,compaction_wall_sum,0.025552,rocksdb.compaction.times.micros,25552.0,1,8,32,4,input_4sst,256,16,32,5,2,1,123362,33554432,5,34802527,34860271,1,5.0,5,0.025552,0.038811,0.0,0.007771651,0.0,30.41503991859737,69.58496008140263,151.8902629931121,34802527.0,34779910.0,123356.0,123318.0,123361.88235294117,33552832.0,33542496.0,1298.9306569323364,1298.0865252786828,1252.2884361730491,1252.3481527864747,2597.017182211019,4827645.585472762,4826158.422041328,4827875.796530259,9653804.00751409,4.827645585472761,4.826158422041328,4.827875796530259,9.65380400751409,0.0,0.0,0.0,0.0,0.0,0.0,0.0,0.0,0.0,0.0,0.0,0.0,0.0,0.0,computation
/home/1755_project/invalidation-aware-caching/presentation_figures/compaction_parallelism/final-speedup-cpu-8mb-sst_4sst/sst_8MB/input_4sst/value_256/subcomp_32/repeat_03,compactall,compactall,compaction_wall_sum,0.024651,rocksdb.compaction.times.micros,24651.0,1,8,32,4,input_4sst,256,16,32,5,3,1,123362,33554432,5,34802527,34860271,1,5.0,5,0.024651,0.038814,0.0,0.007666322,0.0,31.099436128351794,68.9005638716482,157.45405865887793,34802527.0,34779910.0,123356.0,123318.0,123361.88235294117,33552832.0,33542496.0,1346.4068859654806,1345.531901096138,1298.0598807794308,1298.121780049491,2691.9387870616188,5004097.196868282,5002555.677254473,5004335.822195496,10006652.874122754,5.0040971968682815,5.002555677254473,5.004335822195497,10.006652874122754,0.0,0.0,0.0,0.0,0.0,0.0,0.0,0.0,0.0,0.0,0.0,0.0,0.0,0.0,computation
/home/1755_project/invalidation-aware-caching/presentation_figures/compaction_parallelism/final-speedup-cpu-8mb-sst_4sst/sst_8MB/input_4sst/value_256/subcomp_32/repeat_04,compactall,compactall,compaction_wall_sum,0.034236,rocksdb.compaction.times.micros,34236.0,1,8,32,4,input_4sst,256,16,32,5,4,1,123362,33554432,5,34802527,34860271,1,5.0,5,0.034236,0.058229,0.0,0.011269253,0.0,32.916383339175134,67.08361666082487,170.08120107489194,34802527.0,34779910.0,123356.0,123318.0,123361.88235294117,33552832.0,33542496.0,969.4554312984886,968.8254145905157,934.6440624224135,934.6886318495151,1938.2808458890042,3603107.8397008996,3601997.896950578,3603279.657464107,7205105.736651477,3.6031078397008995,3.6019978969505777,3.603279657464107,7.205105736651477,0.0,0.0,0.0,0.0,0.0,0.0,0.0,0.0,0.0,0.0,0.0,0.0,0.0,0.0,computation
/home/1755_project/invalidation-aware-caching/presentation_figures/compaction_parallelism/final-speedup-cpu-8mb-sst_4sst/sst_8MB/input_4sst/value_256/subcomp_32/repeat_05,compactall,compactall,compaction_wall_sum,0.04537,rocksdb.compaction.times.micros,45370.0,1,8,32,4,input_4sst,256,16,32,5,5,1,123362,33554432,5,34802527,34860271,1,5.0,5,0.04537,0.1102,0.0,0.010566013,0.0,23.2885452942473,76.7114547057527,242.89177870839765,34802527.0,34779910.0,123356.0,123318.0,123361.88235294117,33552832.0,33542496.0,731.5467521696067,731.071344366782,705.2782482057252,705.3118800969804,1462.6180965363887,2718889.1337888474,2718051.575931232,2719018.786707983,5436940.709720079,2.7188891337888474,2.718051575931232,2.719018786707983,5.436940709720079,0.0,0.0,0.0,0.0,0.0,0.0,0.0,0.0,0.0,0.0,0.0,0.0,0.0,0.0,computation
/home/1755_project/invalidation-aware-caching/presentation_figures/compaction_parallelism/final-speedup-cpu-8mb-sst_4sst/sst_8MB/input_4sst/value_512/subcomp_1/repeat_01,compactall,compactall,compaction_wall_sum,0.057879,rocksdb.compaction.times.micros,57879.0,1,8,32,4,input_4sst,512,16,1,5,1,1,63551,33554432,5,34227253,34285139,1,1.0,1,0.057879,0.029878,0.021172813000000002,0.006828187,36.5811658805439,11.797347915478843,51.621486203977256,51.62148620397726,34227253.0,34212836.0,63548.0,63539.0,63550.06060606061,33553344.0,33548592.0,563.963650153575,563.7261007380766,552.8596278847898,552.8775548990135,1127.6897508916518,1097945.7143350784,1097790.217522763,1097981.3162988408,2195735.9318578416,1.0979457143350784,1.097790217522763,1.0979813162988408,2.1957359318578415,0.0,0.0,0.0,0.0,0.0,0.0,0.0,0.0,0.0,0.0,0.0,0.0,0.0,0.0,computation
/home/1755_project/invalidation-aware-caching/presentation_figures/compaction_parallelism/final-speedup-cpu-8mb-sst_4sst/sst_8MB/input_4sst/value_512/subcomp_1/repeat_02,compactall,compactall,compaction_wall_sum,0.054878,rocksdb.compaction.times.micros,54878.0,1,8,32,4,input_4sst,512,16,1,5,2,1,63551,33554432,5,34227253,34285139,1,1.0,1,0.054878,0.025785,0.022405433000000002,0.006687567,40.82771420241262,12.186244032216917,46.98604176537046,46.98604176537045,34227253.0,34212836.0,63548.0,63539.0,63550.06060606061,33553344.0,33548592.0,594.8039671132105,594.553427322773,583.0927220806835,583.1116294325594,1189.3573944359837,1157986.807099384,1157822.8069536062,1158024.3559543097,2315809.61405299,1.157986807099384,1.1578228069536063,1.1580243559543097,2.31580961405299,0.0,0.0,0.0,0.0,0.0,0.0,0.0,0.0,0.0,0.0,0.0,0.0,0.0,0.0,computation
/home/1755_project/invalidation-aware-caching/presentation_figures/compaction_parallelism/final-speedup-cpu-8mb-sst_4sst/sst_8MB/input_4sst/value_512/subcomp_1/repeat_03,compactall,compactall,compaction_wall_sum,0.055471,rocksdb.compaction.times.micros,55471.0,1,8,32,4,input_4sst,512,16,1,5,3,1,63551,33554432,5,34227253,34285139,1,1.0,1,0.055471,0.026146,0.022664955,0.006660045,40.85910656018461,12.006354671810495,47.1345387680049,47.1345387680049,34227253.0,34212836.0,63548.0,63539.0,63550.06060606061,33553344.0,33548592.0,588.44535175567,588.1974903033863,576.859303101508,576.8780083286763,1176.6428420590562,1145607.61478971,1145445.3678498676,1145644.7622372159,2291052.9826395772,1.1456076147897098,1.1454453678498675,1.145644762237216,2.2910529826395774,0.0,0.0,0.0,0.0,0.0,0.0,0.0,0.0,0.0,0.0,0.0,0.0,0.0,0.0,computation
/home/1755_project/invalidation-aware-caching/presentation_figures/compaction_parallelism/final-speedup-cpu-8mb-sst_4sst/sst_8MB/input_4sst/value_512/subcomp_1/repeat_04,compactall,compactall,compaction_wall_sum,0.057548,rocksdb.compaction.times.micros,57548.0,1,8,32,4,input_4sst,512,16,1,5,4,1,63551,33554432,5,34227253,34285139,1,1.0,1,0.057548,0.027568,0.023160071,0.006819929,40.24478869813026,11.850853200806283,47.90435810106346,47.90435810106345,34227253.0,34212836.0,63548.0,63539.0,63550.06060606061,33553344.0,33548592.0,567.2074113303463,566.9684955970519,556.0395218312322,556.0575519566275,1134.175906927398,1104260.7909918677,1104104.3998053798,1104296.597728168,2208365.1907972475,1.1042607909918676,1.1041043998053799,1.1042965977281678,2.2083651907972475,0.0,0.0,0.0,0.0,0.0,0.0,0.0,0.0,0.0,0.0,0.0,0.0,0.0,0.0,computation
/home/1755_project/invalidation-aware-caching/presentation_figures/compaction_parallelism/final-speedup-cpu-8mb-sst_4sst/sst_8MB/input_4sst/value_512/subcomp_1/repeat_05,compactall,compactall,compaction_wall_sum,0.058254,rocksdb.compaction.times.micros,58254.0,1,8,32,4,input_4sst,512,16,1,5,5,1,63551,33554432,5,34227253,34285139,1,1.0,1,0.058254,0.027763,0.023717544,0.006773456,40.714017921516124,11.627452192124146,47.65852988635973,47.65852988635974,34227253.0,34212836.0,63548.0,63539.0,63550.06060606061,33553344.0,33548592.0,560.3332321769967,560.0972119445728,549.3006901216011,549.3185017337865,1120.4304441215695,1090877.8796305833,1090723.3838019706,1090913.252412892,2181601.263432554,1.0908778796305834,1.0907233838019705,1.090913252412892,2.181601263432554,0.0,0.0,0.0,0.0,0.0,0.0,0.0,0.0,0.0,0.0,0.0,0.0,0.0,0.0,computation
/home/1755_project/invalidation-aware-caching/presentation_figures/compaction_parallelism/final-speedup-cpu-8mb-sst_4sst/sst_8MB/input_4sst/value_512/subcomp_2/repeat_01,compactall,compactall,compaction_wall_sum,0.031555,rocksdb.compaction.times.micros,31555.0,1,8,32,4,input_4sst,512,16,2,5,1,1,63551,33554432,5,34227253,34285139,1,2.0,2,0.031555,0.026172,0.0,0.006788865,0.0,21.514387577246076,78.48561242275392,82.94089684677547,34227253.0,34212809.0,63548.0,63539.0,63550.06060606061,33553344.0,33548592.0,1034.4367646090564,1034.000229295281,1014.0694787622801,1014.1023609570591,2068.436993904337,2013880.5260655999,2013595.3097765807,2013945.8281115706,4027475.8358421805,2.0138805260656,2.013595309776581,2.0139458281115705,4.02747583584218,0.0,0.0,0.0,0.0,0.0,0.0,0.0,0.0,0.0,0.0,0.0,0.0,0.0,0.0,computation
/home/1755_project/invalidation-aware-caching/presentation_figures/compaction_parallelism/final-speedup-cpu-8mb-sst_4sst/sst_8MB/input_4sst/value_512/subcomp_2/repeat_02,compactall,compactall,compaction_wall_sum,0.033316,rocksdb.compaction.times.micros,33316.0,1,8,32,4,input_4sst,512,16,2,5,2,1,63551,33554432,5,34227253,34285139,1,2.0,2,0.033316,0.025597,0.001077223,0.006641777,3.233350342177933,19.93569756273262,76.83095209508946,76.83095209508946,34227253.0,34212809.0,63548.0,63539.0,63550.06060606061,33553344.0,33548592.0,979.75903791688,979.3455767622944,960.4683155944216,960.4994597190539,1959.1046146791743,1907431.8645695762,1907161.7240965303,1907493.7149135733,3814593.5886661066,1.9074318645695763,1.9071617240965304,1.9074937149135733,3.8145935886661064,0.0,0.0,0.0,0.0,0.0,0.0,0.0,0.0,0.0,0.0,0.0,0.0,0.0,0.0,computation
/home/1755_project/invalidation-aware-caching/presentation_figures/compaction_parallelism/final-speedup-cpu-8mb-sst_4sst/sst_8MB/input_4sst/value_512/subcomp_2/repeat_03,compactall,compactall,compaction_wall_sum,0.028968,rocksdb.compaction.times.micros,28968.0,1,8,32,4,input_4sst,512,16,2,5,3,1,63551,33554432,5,34227253,34285139,1,2.0,2,0.028968,0.025173,0.0,0.00656025,0.0,22.646541010770505,77.3534589892295,86.89933719966861,34227253.0,34212809.0,63548.0,63539.0,63550.06060606061,33553344.0,33548592.0,1126.8175955274362,1126.3420752351767,1104.6314002466083,1104.6672190002762,2253.1596707626127,2193731.0135321734,2193420.3258768297,2193802.147406124,4387151.339409003,2.1937310135321733,2.1934203258768297,2.193802147406124,4.387151339409003,0.0,0.0,0.0,0.0,0.0,0.0,0.0,0.0,0.0,0.0,0.0,0.0,0.0,0.0,computation
/home/1755_project/invalidation-aware-caching/presentation_figures/compaction_parallelism/final-speedup-cpu-8mb-sst_4sst/sst_8MB/input_4sst/value_512/subcomp_2/repeat_04,compactall,compactall,compaction_wall_sum,0.033884,rocksdb.compaction.times.micros,33884.0,1,8,32,4,input_4sst,512,16,2,5,4,1,63551,33554432,5,34227253,34285139,1,2.0,2,0.033884,0.026391,0.0006582920000000003,0.006834707999999999,1.942781253689058,20.170900720103884,77.88631802620705,77.88631802620706,34227253.0,34212809.0,63548.0,63539.0,63550.06060606061,33553344.0,33548592.0,963.335264645224,962.9287343705761,944.3679141289031,944.398536182269,1926.2639990158002,1875457.4430409635,1875191.8309526623,1875518.2565830662,3750649.273993626,1.8754574430409634,1.8751918309526623,1.8755182565830661,3.7506492739936257,0.0,0.0,0.0,0.0,0.0,0.0,0.0,0.0,0.0,0.0,0.0,0.0,0.0,0.0,computation
/home/1755_project/invalidation-aware-caching/presentation_figures/compaction_parallelism/final-speedup-cpu-8mb-sst_4sst/sst_8MB/input_4sst/value_512/subcomp_2/repeat_05,compactall,compactall,compaction_wall_sum,0.034866,rocksdb.compaction.times.micros,34866.0,1,8,32,4,input_4sst,512,16,2,5,5,1,63551,33554432,5,34227253,34285139,1,2.0,2,0.034866,0.027498,0.00046602499999999963,0.006901975,1.3366173349394816,19.795717891355473,78.86766477370506,78.86766477370504,34227253.0,34212809.0,63548.0,63539.0,63550.06060606061,33553344.0,33548592.0,936.2029515068768,935.8078711470371,917.7698159336818,917.7995755176963,1872.010822653914,1822635.2320312052,1822377.100900591,1822694.332761447,3645012.332931796,1.8226352320312051,1.822377100900591,1.8226943327614469,3.6450123329317963,0.0,0.0,0.0,0.0,0.0,0.0,0.0,0.0,0.0,0.0,0.0,0.0,0.0,0.0,computation
/home/1755_project/invalidation-aware-caching/presentation_figures/compaction_parallelism/final-speedup-cpu-8mb-sst_4sst/sst_8MB/input_4sst/value_512/subcomp_4/repeat_01,compactall,compactall,compaction_wall_sum,0.032339,rocksdb.compaction.times.micros,32339.0,1,8,32,4,input_4sst,512,16,4,5,1,1,63551,33554432,5,34227253,34285139,1,4.0,4,0.032339,0.044342,0.0,0.015677518,0.0,48.478672809919914,51.521327190080086,137.11617551563128,34227253.0,34215461.0,63548.0,63539.0,63550.06060606061,33553344.0,33548592.0,1009.3587342601431,1009.0109891987912,989.4852160655478,989.5173010915613,2018.3697234589342,1965057.6703052043,1964779.3685642723,1965121.3892223202,3929837.0388694764,1.9650576703052043,1.9647793685642723,1.9651213892223203,3.9298370388694766,0.0,0.0,0.0,0.0,0.0,0.0,0.0,0.0,0.0,0.0,0.0,0.0,0.0,0.0,computation
/home/1755_project/invalidation-aware-caching/presentation_figures/compaction_parallelism/final-speedup-cpu-8mb-sst_4sst/sst_8MB/input_4sst/value_512/subcomp_4/repeat_02,compactall,compactall,compaction_wall_sum,0.036577,rocksdb.compaction.times.micros,36577.0,1,8,32,4,input_4sst,512,16,4,5,2,1,63551,33554432,5,34227253,34285139,1,4.0,4,0.036577,0.078983,0.0,0.009761552,0.0,26.687678049047214,73.31232195095279,215.93624408781474,34227253.0,34215461.0,63548.0,63539.0,63550.06060606061,33553344.0,33548592.0,892.4092218399205,892.101768316147,874.8383520338942,874.8667195231977,1784.5109901560675,1737375.94663313,1737129.8903682644,1737432.282747645,3474505.8370013945,1.73737594663313,1.7371298903682644,1.737432282747645,3.4745058370013946,0.0,0.0,0.0,0.0,0.0,0.0,0.0,0.0,0.0,0.0,0.0,0.0,0.0,0.0,computation
/home/1755_project/invalidation-aware-caching/presentation_figures/compaction_parallelism/final-speedup-cpu-8mb-sst_4sst/sst_8MB/input_4sst/value_512/subcomp_4/repeat_03,compactall,compactall,compaction_wall_sum,0.023846,rocksdb.compaction.times.micros,23846.0,1,8,32,4,input_4sst,512,16,4,5,3,1,63551,33554432,5,34227253,34285139,1,4.0,4,0.023846,0.027516,0.0,0.00700601,0.0,29.380231485364423,70.61976851463558,115.3904218736895,34227253.0,34215461.0,63548.0,63539.0,63550.06060606061,33553344.0,33548592.0,1368.8523067700567,1368.3807087016569,1341.9006291346034,1341.944141575107,2737.2330154717133,2664933.3221504656,2664555.9003606476,2665019.7352201883,5329489.222511114,2.6649333221504654,2.6645559003606474,2.6650197352201883,5.329489222511113,0.0,0.0,0.0,0.0,0.0,0.0,0.0,0.0,0.0,0.0,0.0,0.0,0.0,0.0,computation
/home/1755_project/invalidation-aware-caching/presentation_figures/compaction_parallelism/final-speedup-cpu-8mb-sst_4sst/sst_8MB/input_4sst/value_512/subcomp_4/repeat_04,compactall,compactall,compaction_wall_sum,0.028341,rocksdb.compaction.times.micros,28341.0,1,8,32,4,input_4sst,512,16,4,5,4,1,63551,33554432,5,34227253,34285139,1,4.0,4,0.028341,0.043074,0.0,0.007314603,0.0,25.8092621996401,74.1907378003599,151.98475706573515,34227253.0,34215461.0,63548.0,63539.0,63550.06060606061,33553344.0,33548592.0,1151.746660570861,1151.349859909661,1129.0696306532495,1129.106241840443,2303.096520480522,2242263.85801489,2241946.2968843724,2242336.5656137965,4484210.154899262,2.24226385801489,2.241946296884372,2.2423365656137966,4.484210154899262,0.0,0.0,0.0,0.0,0.0,0.0,0.0,0.0,0.0,0.0,0.0,0.0,0.0,0.0,computation
/home/1755_project/invalidation-aware-caching/presentation_figures/compaction_parallelism/final-speedup-cpu-8mb-sst_4sst/sst_8MB/input_4sst/value_512/subcomp_4/repeat_05,compactall,compactall,compaction_wall_sum,0.028168,rocksdb.compaction.times.micros,28168.0,1,8,32,4,input_4sst,512,16,4,5,5,1,63551,33554432,5,34227253,34285139,1,4.0,4,0.028168,0.029476,0.0,0.007117063,0.0,25.266483243396763,74.73351675660324,104.64356716841807,34227253.0,34215461.0,63548.0,63539.0,63550.06060606061,33553344.0,33548592.0,1158.8203673402006,1158.4211296400067,1136.0040614294146,1136.040897472309,2317.241496980207,2256035.2172678215,2255715.7057654075,2256108.3714165227,4511750.923033229,2.2560352172678217,2.2557157057654074,2.2561083714165227,4.511750923033229,0.0,0.0,0.0,0.0,0.0,0.0,0.0,0.0,0.0,0.0,0.0,0.0,0.0,0.0,computation
/home/1755_project/invalidation-aware-caching/presentation_figures/compaction_parallelism/final-speedup-cpu-8mb-sst_4sst/sst_8MB/input_4sst/value_512/subcomp_8/repeat_01,compactall,compactall,compaction_wall_sum,0.024059,rocksdb.compaction.times.micros,24059.0,1,8,32,4,input_4sst,512,16,8,5,1,1,63551,33554432,5,34227253,34285139,1,5.0,5,0.024059,0.035929,0.0,0.008627623,0.0,35.860272663036696,64.1397273369633,149.33704642753233,34227253.0,34215382.0,63548.0,63539.0,63550.06060606061,33553344.0,33548592.0,1356.733534529231,1356.2629801499943,1330.0204664509642,1330.0635936655722,2712.996514679225,2641340.039070618,2640965.9586848994,2641425.6871050587,5282305.997755517,2.641340039070618,2.6409659586848995,2.6414256871050585,5.282305997755517,0.0,0.0,0.0,0.0,0.0,0.0,0.0,0.0,0.0,0.0,0.0,0.0,0.0,0.0,computation
/home/1755_project/invalidation-aware-caching/presentation_figures/compaction_parallelism/final-speedup-cpu-8mb-sst_4sst/sst_8MB/input_4sst/value_512/subcomp_8/repeat_02,compactall,compactall,compaction_wall_sum,0.022295,rocksdb.compaction.times.micros,22295.0,1,8,32,4,input_4sst,512,16,8,5,2,1,63551,33554432,5,34227253,34285139,1,5.0,5,0.022295,0.027968,0.0,0.007691031,0.0,34.49666292890783,65.50333707109218,125.44516707782014,34227253.0,34215382.0,63548.0,63539.0,63550.06060606061,33553344.0,33548592.0,1464.0794845139615,1463.5716994585653,1435.2528550053264,1435.299394483068,2927.6511839725267,2850325.185019063,2849921.5070643644,2850417.6096012834,5700246.692083427,2.850325185019063,2.8499215070643644,2.8504176096012834,5.700246692083427,0.0,0.0,0.0,0.0,0.0,0.0,0.0,0.0,0.0,0.0,0.0,0.0,0.0,0.0,computation
/home/1755_project/invalidation-aware-caching/presentation_figures/compaction_parallelism/final-speedup-cpu-8mb-sst_4sst/sst_8MB/input_4sst/value_512/subcomp_8/repeat_03,compactall,compactall,compaction_wall_sum,0.042039,rocksdb.compaction.times.micros,42039.0,1,8,32,4,input_4sst,512,16,8,5,3,1,63551,33554432,5,34227253,34285139,1,5.0,5,0.042039,0.089846,0.0,0.010454089,0.0,24.8675967553938,75.1324032446062,213.72059278289206,34227253.0,34215382.0,63548.0,63539.0,63550.06060606061,33553344.0,33548592.0,776.4611933499552,776.1918941798975,761.173253463302,761.1979352506006,1552.6530875298527,1511643.9496657865,1511429.8627464974,1511692.9661994958,3023073.812412284,1.5116439496657865,1.5114298627464975,1.5116929661994958,3.023073812412284,0.0,0.0,0.0,0.0,0.0,0.0,0.0,0.0,0.0,0.0,0.0,0.0,0.0,0.0,computation
/home/1755_project/invalidation-aware-caching/presentation_figures/compaction_parallelism/final-speedup-cpu-8mb-sst_4sst/sst_8MB/input_4sst/value_512/subcomp_8/repeat_04,compactall,compactall,compaction_wall_sum,0.029917,rocksdb.compaction.times.micros,29917.0,1,8,32,4,input_4sst,512,16,8,5,4,1,63551,33554432,5,34227253,34285139,1,5.0,5,0.029917,0.045777,0.0,0.008648563,0.0,28.90852358190995,71.09147641809005,153.0133368987532,34227253.0,34215382.0,63548.0,63539.0,63550.06060606061,33553344.0,33548592.0,1091.0737074987055,1090.6952916211087,1069.5912826267256,1069.6259651703047,2181.7689991198145,2124143.4635825786,2123842.6312798746,2124212.341012154,4247986.094862453,2.1241434635825787,2.1238426312798744,2.1242123410121536,4.247986094862453,0.0,0.0,0.0,0.0,0.0,0.0,0.0,0.0,0.0,0.0,0.0,0.0,0.0,0.0,computation
/home/1755_project/invalidation-aware-caching/presentation_figures/compaction_parallelism/final-speedup-cpu-8mb-sst_4sst/sst_8MB/input_4sst/value_512/subcomp_8/repeat_05,compactall,compactall,compaction_wall_sum,0.041595,rocksdb.compaction.times.micros,41595.0,1,8,32,4,input_4sst,512,16,8,5,5,1,63551,33554432,5,34227253,34285139,1,5.0,5,0.041595,0.093066,0.0,0.012525305,0.0,30.11252554393557,69.88747445606444,223.7432383699964,34227253.0,34215382.0,63548.0,63539.0,63550.06060606061,33553344.0,33548592.0,784.7494195754001,784.4772458090807,769.298290716282,769.3232359658613,1569.2266653844808,1527779.7812237048,1527563.4090635893,1527829.320977536,3055343.1902872943,1.5277797812237048,1.5275634090635892,1.527829320977536,3.0553431902872945,0.0,0.0,0.0,0.0,0.0,0.0,0.0,0.0,0.0,0.0,0.0,0.0,0.0,0.0,computation
/home/1755_project/invalidation-aware-caching/presentation_figures/compaction_parallelism/final-speedup-cpu-8mb-sst_4sst/sst_8MB/input_4sst/value_512/subcomp_16/repeat_01,compactall,compactall,compaction_wall_sum,0.034028,rocksdb.compaction.times.micros,34028.0,1,8,32,4,input_4sst,512,16,16,5,1,1,63551,33554432,5,34227253,34285139,1,5.0,5,0.034028,0.060533,0.0,0.011146452,0.0,32.756706241918415,67.24329375808159,177.89173621723285,34227253.0,34215382.0,63548.0,63539.0,63550.06060606061,33553344.0,33548592.0,959.2586137074987,958.9259151119287,940.3715293976651,940.4020218643469,1918.1845288194274,1867520.86516986,1867256.3771012106,1867581.421360662,3734777.2422710704,1.86752086516986,1.8672563771012107,1.867581421360662,3.7347772422710706,0.0,0.0,0.0,0.0,0.0,0.0,0.0,0.0,0.0,0.0,0.0,0.0,0.0,0.0,computation
/home/1755_project/invalidation-aware-caching/presentation_figures/compaction_parallelism/final-speedup-cpu-8mb-sst_4sst/sst_8MB/input_4sst/value_512/subcomp_16/repeat_02,compactall,compactall,compaction_wall_sum,0.024721,rocksdb.compaction.times.micros,24721.0,1,8,32,4,input_4sst,512,16,16,5,2,1,63551,33554432,5,34227253,34285139,1,5.0,5,0.024721,0.029313,0.0,0.007978763,0.0,32.27524371991424,67.72475628008576,118.57530035192751,34227253.0,34215382.0,63548.0,63539.0,63550.06060606061,33553344.0,33548592.0,1320.4017680206614,1319.9438145474985,1294.404045238613,1294.446017555924,2640.34558256816,2570607.985113871,2570243.922171433,2570691.3395922743,5140851.907285304,2.570607985113871,2.570243922171433,2.5706913395922744,5.140851907285303,0.0,0.0,0.0,0.0,0.0,0.0,0.0,0.0,0.0,0.0,0.0,0.0,0.0,0.0,computation
/home/1755_project/invalidation-aware-caching/presentation_figures/compaction_parallelism/final-speedup-cpu-8mb-sst_4sst/sst_8MB/input_4sst/value_512/subcomp_16/repeat_03,compactall,compactall,compaction_wall_sum,0.029104,rocksdb.compaction.times.micros,29104.0,1,8,32,4,input_4sst,512,16,16,5,3,1,63551,33554432,5,34227253,34285139,1,5.0,5,0.029104,0.032476,0.0,0.008395269,0.0,28.845756597031336,71.15424340296866,111.58603628367234,34227253.0,34215382.0,63548.0,63539.0,63550.06060606061,33553344.0,33548592.0,1121.5520927445975,1121.1631060826246,1099.4695712734933,1099.5052226498076,2242.715198827222,2183479.9340296867,2183170.6981858164,2183550.735502357,4366650.632215503,2.1834799340296867,2.1831706981858163,2.183550735502357,4.366650632215503,0.0,0.0,0.0,0.0,0.0,0.0,0.0,0.0,0.0,0.0,0.0,0.0,0.0,0.0,computation
/home/1755_project/invalidation-aware-caching/presentation_figures/compaction_parallelism/final-speedup-cpu-8mb-sst_4sst/sst_8MB/input_4sst/value_512/subcomp_16/repeat_04,compactall,compactall,compaction_wall_sum,0.034681,rocksdb.compaction.times.micros,34681.0,1,8,32,4,input_4sst,512,16,16,5,4,1,63551,33554432,5,34227253,34285139,1,5.0,5,0.034681,0.05753,0.0,0.010134111999999999,0.0,29.22093365243217,70.77906634756783,165.88333669732705,34227253.0,34215382.0,63548.0,63539.0,63550.06060606061,33553344.0,33548592.0,941.1969697309412,940.8705354352156,922.6655056758384,922.6954240073817,1882.067505166157,1832357.775150659,1832098.267062657,1832417.1911438718,3664456.042213316,1.832357775150659,1.832098267062657,1.8324171911438718,3.664456042213316,0.0,0.0,0.0,0.0,0.0,0.0,0.0,0.0,0.0,0.0,0.0,0.0,0.0,0.0,computation
/home/1755_project/invalidation-aware-caching/presentation_figures/compaction_parallelism/final-speedup-cpu-8mb-sst_4sst/sst_8MB/input_4sst/value_512/subcomp_16/repeat_05,compactall,compactall,compaction_wall_sum,0.028756,rocksdb.compaction.times.micros,28756.0,1,8,32,4,input_4sst,512,16,16,5,5,1,63551,33554432,5,34227253,34285139,1,5.0,5,0.028756,0.033082,0.0,0.007978363,0.0,27.74503755737933,72.25496244262067,115.04381694255113,34227253.0,34215382.0,63548.0,63539.0,63550.06060606061,33553344.0,33548592.0,1135.1249167908877,1134.7312226814824,1112.7751565705853,1112.8112393935178,2269.85613947237,2209904.0200306023,2209591.041869523,2209975.6783301085,4419495.061900125,2.2099040200306024,2.209591041869523,2.2099756783301086,4.4194950619001245,0.0,0.0,0.0,0.0,0.0,0.0,0.0,0.0,0.0,0.0,0.0,0.0,0.0,0.0,computation
/home/1755_project/invalidation-aware-caching/presentation_figures/compaction_parallelism/final-speedup-cpu-8mb-sst_4sst/sst_8MB/input_4sst/value_512/subcomp_32/repeat_01,compactall,compactall,compaction_wall_sum,0.03241,rocksdb.compaction.times.micros,32410.0,1,8,32,4,input_4sst,512,16,32,5,1,1,63551,33554432,5,34227253,34285139,1,5.0,5,0.03241,0.039941,0.0,0.008123972,0.0,25.06625115705029,74.93374884294971,123.23665535328601,34227253.0,34215382.0,63548.0,63539.0,63550.06060606061,33553344.0,33548592.0,1007.1475503621958,1006.7982425001145,987.3175687239664,987.3495834618944,2013.9457928623103,1960752.8540573895,1960475.161987041,1960816.4333866278,3921228.0160444304,1.9607528540573895,1.9604751619870409,1.9608164333866278,3.9212280160444304,0.0,0.0,0.0,0.0,0.0,0.0,0.0,0.0,0.0,0.0,0.0,0.0,0.0,0.0,computation
/home/1755_project/invalidation-aware-caching/presentation_figures/compaction_parallelism/final-speedup-cpu-8mb-sst_4sst/sst_8MB/input_4sst/value_512/subcomp_32/repeat_02,compactall,compactall,compaction_wall_sum,0.034646,rocksdb.compaction.times.micros,34646.0,1,8,32,4,input_4sst,512,16,32,5,2,1,63551,33554432,5,34227253,34285139,1,5.0,5,0.034646,0.065021,0.0,0.009149191000000001,0.0,26.407640131616926,73.59235986838307,187.67245858107714,34227253.0,34215382.0,63548.0,63539.0,63550.06060606061,33553344.0,33548592.0,942.1477835028219,941.8210194374158,923.5975986360257,923.6275471915949,1883.9688029402378,1834208.8552791085,1833949.085031461,1834268.331295405,3668157.9403105695,1.8342088552791085,1.833949085031461,1.8342683312954051,3.6681579403105693,0.0,0.0,0.0,0.0,0.0,0.0,0.0,0.0,0.0,0.0,0.0,0.0,0.0,0.0,computation
/home/1755_project/invalidation-aware-caching/presentation_figures/compaction_parallelism/final-speedup-cpu-8mb-sst_4sst/sst_8MB/input_4sst/value_512/subcomp_32/repeat_03,compactall,compactall,compaction_wall_sum,0.034183,rocksdb.compaction.times.micros,34183.0,1,8,32,4,input_4sst,512,16,32,5,3,1,63551,33554432,5,34227253,34285139,1,5.0,5,0.034183,0.051312,0.0,0.008233968999999999,0.0,24.087906269198136,75.91209373080187,150.10970365386305,34227253.0,34215382.0,63548.0,63539.0,63550.06060606061,33553344.0,33548592.0,954.9089344773358,954.577744476164,936.107492096766,936.1378462978674,1909.4866789535,1859052.7455167775,1858789.4567475063,1859113.0271205164,3717842.202264284,1.8590527455167776,1.8587894567475063,1.8591130271205163,3.7178422022642836,0.0,0.0,0.0,0.0,0.0,0.0,0.0,0.0,0.0,0.0,0.0,0.0,0.0,0.0,computation
/home/1755_project/invalidation-aware-caching/presentation_figures/compaction_parallelism/final-speedup-cpu-8mb-sst_4sst/sst_8MB/input_4sst/value_512/subcomp_32/repeat_04,compactall,compactall,compaction_wall_sum,0.026756,rocksdb.compaction.times.micros,26756.0,1,8,32,4,input_4sst,512,16,32,5,4,1,63551,33554432,5,34227253,34285139,1,5.0,5,0.026756,0.03718,0.0,0.00796849,0.0,29.782067573628346,70.21793242637165,138.95948572282853,34227253.0,34215382.0,63548.0,63539.0,63550.06060606061,33553344.0,33548592.0,1219.9750376453421,1219.5519150631153,1195.9546420370666,1195.9934220361788,2439.5269527084574,2375093.4369860967,2374757.063836149,2375170.451714031,4749850.500822246,2.3750934369860968,2.374757063836149,2.375170451714031,4.749850500822246,0.0,0.0,0.0,0.0,0.0,0.0,0.0,0.0,0.0,0.0,0.0,0.0,0.0,0.0,computation
/home/1755_project/invalidation-aware-caching/presentation_figures/compaction_parallelism/final-speedup-cpu-8mb-sst_4sst/sst_8MB/input_4sst/value_512/subcomp_32/repeat_05,compactall,compactall,compaction_wall_sum,0.029336,rocksdb.compaction.times.micros,29336.0,1,8,32,4,input_4sst,512,16,32,5,5,1,63551,33554432,5,34227253,34285139,1,5.0,5,0.029336,0.041268,0.0,0.008438787,0.0,28.765976956640305,71.2340230433597,140.67357512953367,34227253.0,34215382.0,63548.0,63539.0,63550.06060606061,33553344.0,33548592.0,1112.6824416157203,1112.29653120496,1090.7745569383608,1090.80992637033,2224.97897282068,2166212.162530679,2165905.3722388875,2166282.404078968,4332117.534769566,2.166212162530679,2.1659053722388877,2.166282404078968,4.332117534769566,0.0,0.0,0.0,0.0,0.0,0.0,0.0,0.0,0.0,0.0,0.0,0.0,0.0,0.0,computation
/home/1755_project/invalidation-aware-caching/presentation_figures/compaction_parallelism/final-speedup-cpu-8mb-sst_4sst/sst_8MB/input_4sst/value_1024/subcomp_1/repeat_01,compactall,compactall,compaction_wall_sum,0.04851,rocksdb.compaction.times.micros,48510.0,1,8,32,4,input_4sst,1024,16,1,5,1,1,32264,33554432,5,33916944,33974997,1,1.0,1,0.04851,0.018031,0.022363847000000003,0.008115153,46.10151927437642,16.72882498453927,37.16965574108431,37.16965574108431,33916944.0,33906829.0,32264.0,32261.0,32263.876923076925,33554560.0,33551440.0,666.7845471817989,666.5856930133707,659.6603189097609,659.6578025149454,1333.3702401951696,665099.9793856937,665038.1364667079,665097.4422402994,1330138.1158524016,0.6650999793856937,0.665038136466708,0.6650974422402994,1.3301381158524015,0.0,0.0,0.0,0.0,0.0,0.0,0.0,0.0,0.0,0.0,0.0,0.0,0.0,0.0,read
/home/1755_project/invalidation-aware-caching/presentation_figures/compaction_parallelism/final-speedup-cpu-8mb-sst_4sst/sst_8MB/input_4sst/value_1024/subcomp_1/repeat_02,compactall,compactall,compaction_wall_sum,0.047475,rocksdb.compaction.times.micros,47475.0,1,8,32,4,input_4sst,1024,16,1,5,2,1,32264,33554432,5,33916944,33974997,1,1.0,1,0.047475,0.019026,0.020173224000000003,0.008275776,42.49230963665087,17.431860979462872,40.07582938388626,40.07582938388626,33916944.0,33906829.0,32264.0,32261.0,32263.876923076925,33554560.0,33551440.0,681.3210823336295,681.1178929558423,674.0415391324381,674.0389678778304,1362.4389752894717,679599.7893628225,679536.5982095839,679597.1969052538,1359136.3875724063,0.6795997893628225,0.6795365982095839,0.6795971969052538,1.3591363875724063,0.0,0.0,0.0,0.0,0.0,0.0,0.0,0.0,0.0,0.0,0.0,0.0,0.0,0.0,read
/home/1755_project/invalidation-aware-caching/presentation_figures/compaction_parallelism/final-speedup-cpu-8mb-sst_4sst/sst_8MB/input_4sst/value_1024/subcomp_1/repeat_03,compactall,compactall,compaction_wall_sum,0.049556,rocksdb.compaction.times.micros,49556.0,1,8,32,4,input_4sst,1024,16,1,5,3,1,32264,33554432,5,33916944,33974997,1,1.0,1,0.049556,0.019855,0.023088960999999998,0.006612039,46.59165590443134,13.342559932197917,40.06578416337074,40.06578416337073,33916944.0,33906829.0,32264.0,32261.0,32263.876923076925,33554560.0,33551440.0,652.7104363505744,652.5157794833847,645.7365822566894,645.7341189765114,1305.226215833959,651061.4254580676,651000.8878844136,651058.9418653024,1302062.3133424812,0.6510614254580676,0.6510008878844136,0.6510589418653024,1.3020623133424811,0.0,0.0,0.0,0.0,0.0,0.0,0.0,0.0,0.0,0.0,0.0,0.0,0.0,0.0,read
/home/1755_project/invalidation-aware-caching/presentation_figures/compaction_parallelism/final-speedup-cpu-8mb-sst_4sst/sst_8MB/input_4sst/value_1024/subcomp_1/repeat_04,compactall,compactall,compaction_wall_sum,0.044235,rocksdb.compaction.times.micros,44235.0,1,8,32,4,input_4sst,1024,16,1,5,4,1,32264,33554432,5,33916944,33974997,1,1.0,1,0.044235,0.018642,0.01899009,0.00660291,42.93001017293999,14.926890471346221,42.143099355713794,42.1430993557138,33916944.0,33906829.0,32264.0,32261.0,32263.876923076925,33554560.0,33551440.0,731.2245593712912,731.0064873534219,723.4118248064316,723.4090652198486,1462.231046724713,729377.1900079123,729309.370408048,729374.4076653539,1458686.5604159604,0.7293771900079123,0.729309370408048,0.7293744076653539,1.4586865604159605,0.0,0.0,0.0,0.0,0.0,0.0,0.0,0.0,0.0,0.0,0.0,0.0,0.0,0.0,read
/home/1755_project/invalidation-aware-caching/presentation_figures/compaction_parallelism/final-speedup-cpu-8mb-sst_4sst/sst_8MB/input_4sst/value_1024/subcomp_1/repeat_05,compactall,compactall,compaction_wall_sum,0.052359,rocksdb.compaction.times.micros,52359.0,1,8,32,4,input_4sst,1024,16,1,5,5,1,32264,33554432,5,33916944,33974997,1,1.0,1,0.052359,0.021221,0.024491041,0.006646959,46.7752267995951,12.694969346244198,40.5298038541607,40.5298038541607,33916944.0,33906829.0,32264.0,32261.0,32263.876923076925,33554560.0,33551440.0,617.7680701271809,617.5838340701429,611.1675561090261,611.1652246987146,1235.3519041973236,616207.337802479,616150.0410626635,616204.9871669994,1232357.3788651426,0.616207337802479,0.6161500410626636,0.6162049871669993,1.2323573788651425,0.0,0.0,0.0,0.0,0.0,0.0,0.0,0.0,0.0,0.0,0.0,0.0,0.0,0.0,read
/home/1755_project/invalidation-aware-caching/presentation_figures/compaction_parallelism/final-speedup-cpu-8mb-sst_4sst/sst_8MB/input_4sst/value_1024/subcomp_2/repeat_01,compactall,compactall,compaction_wall_sum,0.029153,rocksdb.compaction.times.micros,29153.0,1,8,32,4,input_4sst,1024,16,2,5,1,1,32264,33554432,5,33916944,33974997,1,2.0,2,0.029153,0.02032,0.002269266,0.006563734000000001,7.783987925770933,22.51478064007135,69.70123143415772,69.70123143415773,33916944.0,33906814.0,32264.0,32261.0,32263.876923076925,33554560.0,33551440.0,1109.5159463447694,1109.1845663555678,1097.661375169365,1097.6571879394917,2218.700512700337,1106712.8597399925,1106609.9543786233,1106708.6379815773,2213322.814118616,1.1067128597399924,1.1066099543786232,1.1067086379815774,2.213322814118616,0.0,0.0,0.0,0.0,0.0,0.0,0.0,0.0,0.0,0.0,0.0,0.0,0.0,0.0,computation
/home/1755_project/invalidation-aware-caching/presentation_figures/compaction_parallelism/final-speedup-cpu-8mb-sst_4sst/sst_8MB/input_4sst/value_1024/subcomp_2/repeat_02,compactall,compactall,compaction_wall_sum,0.03158,rocksdb.compaction.times.micros,31580.0,1,8,32,4,input_4sst,1024,16,2,5,2,1,32264,33554432,5,33916944,33974997,1,2.0,2,0.03158,0.02073,0.004325593,0.006524407,13.697254591513616,20.659933502216596,65.6428119062698,65.6428119062698,33916944.0,33906814.0,32264.0,32261.0,32263.876923076925,33554560.0,33551440.0,1024.246940588634,1023.9410279595905,1013.3034221124922,1013.2995566814441,2048.1879685482245,1021659.278024066,1021564.281190627,1021655.3807180788,2043223.559214693,1.021659278024066,1.021564281190627,1.0216553807180788,2.043223559214693,0.0,0.0,0.0,0.0,0.0,0.0,0.0,0.0,0.0,0.0,0.0,0.0,0.0,0.0,computation
/home/1755_project/invalidation-aware-caching/presentation_figures/compaction_parallelism/final-speedup-cpu-8mb-sst_4sst/sst_8MB/input_4sst/value_1024/subcomp_2/repeat_03,compactall,compactall,compaction_wall_sum,0.037785,rocksdb.compaction.times.micros,37785.0,1,8,32,4,input_4sst,1024,16,2,5,3,1,32264,33554432,5,33916944,33974997,1,2.0,2,0.037785,0.022923,0.006131529,0.008730471,16.227415641127433,23.105653036919414,60.66693132195315,60.66693132195316,33916944.0,33906814.0,32264.0,32261.0,32263.876923076925,33554560.0,33551440.0,856.0465365565452,855.7908604727767,846.900147421265,846.8969167659125,1711.837397029322,853883.8163292313,853804.4197432844,853880.5590333976,1707688.2360725156,0.8538838163292313,0.8538044197432844,0.8538805590333975,1.7076882360725156,0.0,0.0,0.0,0.0,0.0,0.0,0.0,0.0,0.0,0.0,0.0,0.0,0.0,0.0,computation
/home/1755_project/invalidation-aware-caching/presentation_figures/compaction_parallelism/final-speedup-cpu-8mb-sst_4sst/sst_8MB/input_4sst/value_1024/subcomp_2/repeat_04,compactall,compactall,compaction_wall_sum,0.033245,rocksdb.compaction.times.micros,33245.0,1,8,32,4,input_4sst,1024,16,2,5,4,1,32264,33554432,5,33916944,33974997,1,2.0,2,0.033245,0.020319,0.001977982,0.010948018,5.949712738757708,32.93132200330877,61.11896525793352,61.11896525793353,33916944.0,33906814.0,32264.0,32261.0,32263.876923076925,33554560.0,33551440.0,972.9498686656359,972.6592769728943,962.5544313524591,962.5507595127087,1945.6091456385302,970491.8032786886,970401.5641449844,970488.1011603829,1940893.367423673,0.9704918032786886,0.9704015641449844,0.9704881011603829,1.940893367423673,0.0,0.0,0.0,0.0,0.0,0.0,0.0,0.0,0.0,0.0,0.0,0.0,0.0,0.0,computation
/home/1755_project/invalidation-aware-caching/presentation_figures/compaction_parallelism/final-speedup-cpu-8mb-sst_4sst/sst_8MB/input_4sst/value_1024/subcomp_2/repeat_05,compactall,compactall,compaction_wall_sum,0.030234,rocksdb.compaction.times.micros,30234.0,1,8,32,4,input_4sst,1024,16,2,5,5,1,32264,33554432,5,33916944,33974997,1,2.0,2,0.030234,0.02002,0.003269187,0.006944813,10.812948997817026,22.97020903618443,66.21684196599854,66.21684196599854,33916944.0,33906814.0,32264.0,32261.0,32263.876923076925,33554560.0,33551440.0,1069.8458154325945,1069.526283752195,1058.4150979133592,1058.4110603955812,2139.3720991847895,1067142.9516438446,1067043.7256069325,1067138.880832074,2134186.6772507774,1.0671429516438447,1.0670437256069325,1.067138880832074,2.1341866772507774,0.0,0.0,0.0,0.0,0.0,0.0,0.0,0.0,0.0,0.0,0.0,0.0,0.0,0.0,computation
/home/1755_project/invalidation-aware-caching/presentation_figures/compaction_parallelism/final-speedup-cpu-8mb-sst_4sst/sst_8MB/input_4sst/value_1024/subcomp_4/repeat_01,compactall,compactall,compaction_wall_sum,0.030051,rocksdb.compaction.times.micros,30051.0,1,8,32,4,input_4sst,1024,16,4,5,1,1,32264,33554432,5,33916944,33974997,1,4.0,4,0.030051,0.05025,0.0,0.009433263,0.0,31.390845562543678,68.60915443745633,167.2157332534691,33916944.0,33909257.0,32264.0,32261.0,32263.876923076925,33554560.0,33551440.0,1076.360799433931,1076.1168509972663,1064.860472873199,1064.8564107683603,2152.477650431197,1073641.4761571994,1073541.6458686898,1073637.3805556195,2147183.1220258893,1.0736414761571993,1.0735416458686897,1.0736373805556194,2.1471831220258895,0.0,0.0,0.0,0.0,0.0,0.0,0.0,0.0,0.0,0.0,0.0,0.0,0.0,0.0,computation
/home/1755_project/invalidation-aware-caching/presentation_figures/compaction_parallelism/final-speedup-cpu-8mb-sst_4sst/sst_8MB/input_4sst/value_1024/subcomp_4/repeat_02,compactall,compactall,compaction_wall_sum,0.029276,rocksdb.compaction.times.micros,29276.0,1,8,32,4,input_4sst,1024,16,4,5,2,1,32264,33554432,5,33916944,33974997,1,4.0,4,0.029276,0.037052,0.0,0.008094611,0.0,27.64930659926219,72.35069340073781,126.56100560185818,33916944.0,33909257.0,32264.0,32261.0,32263.876923076925,33554560.0,33551440.0,1104.8544331120734,1104.6040268246634,1093.0496676565276,1093.0454980188551,2209.4584599367367,1102063.1233775106,1101960.6503620713,1102058.9193563645,2204023.773739582,1.1020631233775107,1.1019606503620714,1.1020589193563646,2.204023773739582,0.0,0.0,0.0,0.0,0.0,0.0,0.0,0.0,0.0,0.0,0.0,0.0,0.0,0.0,computation
/home/1755_project/invalidation-aware-caching/presentation_figures/compaction_parallelism/final-speedup-cpu-8mb-sst_4sst/sst_8MB/input_4sst/value_1024/subcomp_4/repeat_03,compactall,compactall,compaction_wall_sum,0.023847,rocksdb.compaction.times.micros,23847.0,1,8,32,4,input_4sst,1024,16,4,5,3,1,32264,33554432,5,33916944,33974997,1,4.0,4,0.023847,0.024619,0.0,0.009163728,0.0,38.42717322933702,61.57282677066298,103.23730448274415,33916944.0,33909257.0,32264.0,32261.0,32263.876923076925,33554560.0,33551440.0,1356.3852217800588,1356.0778080814714,1341.8929873909717,1341.8878684949889,2712.4630298615302,1352958.4434100725,1352832.6414224012,1352953.282302886,2705791.0848324737,1.3529584434100725,1.3528326414224012,1.352953282302886,2.7057910848324735,0.0,0.0,0.0,0.0,0.0,0.0,0.0,0.0,0.0,0.0,0.0,0.0,0.0,0.0,computation
/home/1755_project/invalidation-aware-caching/presentation_figures/compaction_parallelism/final-speedup-cpu-8mb-sst_4sst/sst_8MB/input_4sst/value_1024/subcomp_4/repeat_04,compactall,compactall,compaction_wall_sum,0.024804,rocksdb.compaction.times.micros,24804.0,1,8,32,4,input_4sst,1024,16,4,5,4,1,32264,33554432,5,33916944,33974997,1,4.0,4,0.024804,0.025286,0.0,0.009492144000000001,0.0,38.26860183841316,61.73139816158684,101.94323496210289,33916944.0,33909257.0,32264.0,32261.0,32263.876923076925,33554560.0,33551440.0,1304.0525070064934,1303.7569540928419,1290.119419057914,1290.1144976616674,2607.8094610993353,1300757.9422673762,1300636.9940332205,1300752.980288539,2601394.9363005967,1.3007579422673763,1.3006369940332205,1.3007529802885391,2.6013949363005966,0.0,0.0,0.0,0.0,0.0,0.0,0.0,0.0,0.0,0.0,0.0,0.0,0.0,0.0,computation
/home/1755_project/invalidation-aware-caching/presentation_figures/compaction_parallelism/final-speedup-cpu-8mb-sst_4sst/sst_8MB/input_4sst/value_1024/subcomp_4/repeat_05,compactall,compactall,compaction_wall_sum,0.020783,rocksdb.compaction.times.micros,20783.0,1,8,32,4,input_4sst,1024,16,4,5,5,1,32264,33554432,5,33916944,33974997,1,4.0,4,0.020783,0.019976,0.0,0.008984025,0.0,43.22775826396574,56.77224173603426,96.11701871722082,33916944.0,33909257.0,32264.0,32261.0,32263.876923076925,33554560.0,33551440.0,1556.3546352205678,1556.001900077893,1539.7258369971853,1539.719963431651,3112.356535298461,1552422.653129962,1552278.3043833904,1552416.7311301029,3104700.9575133524,1.552422653129962,1.5522783043833903,1.552416731130103,3.1047009575133524,0.0,0.0,0.0,0.0,0.0,0.0,0.0,0.0,0.0,0.0,0.0,0.0,0.0,0.0,computation
/home/1755_project/invalidation-aware-caching/presentation_figures/compaction_parallelism/final-speedup-cpu-8mb-sst_4sst/sst_8MB/input_4sst/value_1024/subcomp_8/repeat_01,compactall,compactall,compaction_wall_sum,0.02997,rocksdb.compaction.times.micros,29970.0,1,8,32,4,input_4sst,1024,16,8,5,1,1,32264,33554432,5,33916944,33974997,1,4.0,4,0.02997,0.021764,0.0,0.024271649000000003,0.0,80.9864831498165,19.013516850183507,72.61928595261928,33916944.0,33909362.0,32264.0,32261.0,32263.876923076925,33554560.0,33551440.0,1079.2698826756443,1079.028616120189,1067.7384741512346,1067.7344010677343,2158.2984987958334,1076543.2098765431,1076443.109776443,1076539.10320577,2152986.3196529862,1.076543209876543,1.076443109776443,1.07653910320577,2.152986319652986,0.0,0.0,0.0,0.0,0.0,0.0,0.0,0.0,0.0,0.0,0.0,0.0,0.0,0.0,write
/home/1755_project/invalidation-aware-caching/presentation_figures/compaction_parallelism/final-speedup-cpu-8mb-sst_4sst/sst_8MB/input_4sst/value_1024/subcomp_8/repeat_02,compactall,compactall,compaction_wall_sum,0.029821,rocksdb.compaction.times.micros,29821.0,1,8,32,4,input_4sst,1024,16,8,5,2,1,32264,33554432,5,33916944,33974997,1,4.0,4,0.029821,0.041992,0.0,0.008998262,0.0,30.174246336474297,69.8257536635257,140.813520673351,33916944.0,33909362.0,32264.0,32261.0,32263.876923076925,33554560.0,33551440.0,1084.6624319703922,1084.4199599316612,1073.0734070055498,1073.0693135709735,2169.082391902053,1081922.135407934,1081821.5351597867,1081918.0082182665,2163743.6705677207,1.081922135407934,1.0818215351597866,1.0819180082182664,2.1637436705677207,0.0,0.0,0.0,0.0,0.0,0.0,0.0,0.0,0.0,0.0,0.0,0.0,0.0,0.0,computation
/home/1755_project/invalidation-aware-caching/presentation_figures/compaction_parallelism/final-speedup-cpu-8mb-sst_4sst/sst_8MB/input_4sst/value_1024/subcomp_8/repeat_03,compactall,compactall,compaction_wall_sum,0.022687,rocksdb.compaction.times.micros,22687.0,1,8,32,4,input_4sst,1024,16,8,5,3,1,32264,33554432,5,33916944,33974997,1,4.0,4,0.022687,0.027852,0.0,0.008059992,0.0,35.526918499581264,64.47308150041874,122.76634195794949,33916944.0,33909362.0,32264.0,32261.0,32263.876923076925,33554560.0,33551440.0,1425.7380166522266,1425.4192985023174,1410.5047855737869,1410.4994049455636,2851.157315154544,1422136.0250363646,1422003.7907171508,1422130.6000386532,2844139.8157535153,1.4221360250363646,1.4220037907171508,1.4221306000386533,2.844139815753515,0.0,0.0,0.0,0.0,0.0,0.0,0.0,0.0,0.0,0.0,0.0,0.0,0.0,0.0,computation
/home/1755_project/invalidation-aware-caching/presentation_figures/compaction_parallelism/final-speedup-cpu-8mb-sst_4sst/sst_8MB/input_4sst/value_1024/subcomp_8/repeat_04,compactall,compactall,compaction_wall_sum,0.026397,rocksdb.compaction.times.micros,26397.0,1,8,32,4,input_4sst,1024,16,8,5,4,1,32264,33554432,5,33916944,33974997,1,4.0,4,0.026397,0.02751,0.0,0.008580056,0.0,32.50390574686517,67.49609425313483,104.21638822593475,33916944.0,33909362.0,32264.0,32261.0,32263.876923076925,33554560.0,33551440.0,1225.3558504295588,1225.0819269281385,1212.2635932231883,1212.2589688222147,2450.437777357697,1222260.105314998,1222146.4560366708,1222255.4427805026,2444406.5613516686,1.222260105314998,1.2221464560366708,1.2222554427805026,2.4444065613516686,0.0,0.0,0.0,0.0,0.0,0.0,0.0,0.0,0.0,0.0,0.0,0.0,0.0,0.0,computation
/home/1755_project/invalidation-aware-caching/presentation_figures/compaction_parallelism/final-speedup-cpu-8mb-sst_4sst/sst_8MB/input_4sst/value_1024/subcomp_8/repeat_05,compactall,compactall,compaction_wall_sum,0.026614,rocksdb.compaction.times.micros,26614.0,1,8,32,4,input_4sst,1024,16,8,5,5,1,32264,33554432,5,33916944,33974997,1,4.0,4,0.026614,0.029157,0.0,0.008444384,0.0,31.72910498234012,68.27089501765988,109.55512136469527,33916944.0,33909362.0,32264.0,32261.0,32263.876923076925,33554560.0,33551440.0,1215.364784842153,1215.0930948043163,1202.3792767082175,1202.3746900127753,2430.4578796464693,1212294.2812053806,1212181.558578192,1212289.6566873423,2424475.8397835726,1.2122942812053805,1.212181558578192,1.2122896566873422,2.4244758397835726,0.0,0.0,0.0,0.0,0.0,0.0,0.0,0.0,0.0,0.0,0.0,0.0,0.0,0.0,computation
/home/1755_project/invalidation-aware-caching/presentation_figures/compaction_parallelism/final-speedup-cpu-8mb-sst_4sst/sst_8MB/input_4sst/value_1024/subcomp_16/repeat_01,compactall,compactall,compaction_wall_sum,0.023991,rocksdb.compaction.times.micros,23991.0,1,8,32,4,input_4sst,1024,16,16,5,1,1,32264,33554432,5,33916944,33974997,1,4.0,4,0.023991,0.023308,0.0,0.009924259,0.0,41.36659163853111,58.63340836146889,97.15309907882123,33916944.0,33909362.0,32264.0,32261.0,32263.876923076925,33554560.0,33551440.0,1348.2438574377502,1347.9424628036377,1333.8386090747572,1333.8335209036723,2696.186320241388,1344837.6474511276,1344712.6005585429,1344832.517322201,2689550.2480096705,1.3448376474511277,1.3447126005585428,1.344832517322201,2.6895502480096707,0.0,0.0,0.0,0.0,0.0,0.0,0.0,0.0,0.0,0.0,0.0,0.0,0.0,0.0,computation
/home/1755_project/invalidation-aware-caching/presentation_figures/compaction_parallelism/final-speedup-cpu-8mb-sst_4sst/sst_8MB/input_4sst/value_1024/subcomp_16/repeat_02,compactall,compactall,compaction_wall_sum,0.021355,rocksdb.compaction.times.micros,21355.0,1,8,32,4,input_4sst,1024,16,16,5,2,1,32264,33554432,5,33916944,33974997,1,4.0,4,0.021355,0.021949,0.0,0.007963955,0.0,37.293163193631464,62.706836806368536,102.78154998829314,33916944.0,33909362.0,32264.0,32261.0,32263.876923076925,33554560.0,33551440.0,1514.667215349523,1514.3286174255243,1498.4838244117304,1498.4781081713886,3028.9958327750473,1510840.5525638026,1510700.0702411614,1510834.7891864635,3021540.622804964,1.5108405525638027,1.5107000702411615,1.5108347891864635,3.021540622804964,0.0,0.0,0.0,0.0,0.0,0.0,0.0,0.0,0.0,0.0,0.0,0.0,0.0,0.0,computation
/home/1755_project/invalidation-aware-caching/presentation_figures/compaction_parallelism/final-speedup-cpu-8mb-sst_4sst/sst_8MB/input_4sst/value_1024/subcomp_16/repeat_03,compactall,compactall,compaction_wall_sum,0.029422,rocksdb.compaction.times.micros,29422.0,1,8,32,4,input_4sst,1024,16,16,5,3,1,32264,33554432,5,33916944,33974997,1,4.0,4,0.029422,0.038142,0.0,0.008129612,0.0,27.631065189314118,72.36893481068589,129.63768608524234,33916944.0,33909362.0,32264.0,32261.0,32263.876923076925,33554560.0,33551440.0,1099.3718436472388,1099.126083377135,1087.6256566621066,1087.6215077153151,2198.497927024374,1096594.3851539665,1096492.420637618,1096590.2019943213,2193086.8057915843,1.0965943851539666,1.096492420637618,1.0965902019943212,2.193086805791584,0.0,0.0,0.0,0.0,0.0,0.0,0.0,0.0,0.0,0.0,0.0,0.0,0.0,0.0,computation
/home/1755_project/invalidation-aware-caching/presentation_figures/compaction_parallelism/final-speedup-cpu-8mb-sst_4sst/sst_8MB/input_4sst/value_1024/subcomp_16/repeat_04,compactall,compactall,compaction_wall_sum,0.033766,rocksdb.compaction.times.micros,33766.0,1,8,32,4,input_4sst,1024,16,16,5,4,1,32264,33554432,5,33916944,33974997,1,4.0,4,0.033766,0.065225,0.0,0.011092328,0.0,32.850583427116035,67.14941657288396,193.16768346857788,33916944.0,33909362.0,32264.0,32261.0,32263.876923076925,33554560.0,33551440.0,957.9375224719856,957.7233792904718,947.7024838687586,947.6988686844755,1915.6609017624573,955517.3843511225,955428.5375821834,955513.7393554738,1910945.921933306,0.9555173843511225,0.9554285375821834,0.9555137393554738,1.9109459219333058,0.0,0.0,0.0,0.0,0.0,0.0,0.0,0.0,0.0,0.0,0.0,0.0,0.0,0.0,computation
/home/1755_project/invalidation-aware-caching/presentation_figures/compaction_parallelism/final-speedup-cpu-8mb-sst_4sst/sst_8MB/input_4sst/value_1024/subcomp_16/repeat_05,compactall,compactall,compaction_wall_sum,0.030565,rocksdb.compaction.times.micros,30565.0,1,8,32,4,input_4sst,1024,16,16,5,5,1,32264,33554432,5,33916944,33974997,1,4.0,4,0.030565,0.043391,0.0,0.008928246999999999,0.0,29.210688696221165,70.78931130377883,141.96302960902995,33916944.0,33909362.0,32264.0,32261.0,32263.876923076925,33554560.0,33551440.0,1058.2600485453645,1058.0234786560468,1046.9531186099298,1046.9491248159661,2116.2835272014113,1055586.4550956977,1055488.3036152462,1055582.4283682946,2111074.758710944,1.0555864550956977,1.0554883036152463,1.0555824283682946,2.111074758710944,0.0,0.0,0.0,0.0,0.0,0.0,0.0,0.0,0.0,0.0,0.0,0.0,0.0,0.0,computation
/home/1755_project/invalidation-aware-caching/presentation_figures/compaction_parallelism/final-speedup-cpu-8mb-sst_4sst/sst_8MB/input_4sst/value_1024/subcomp_32/repeat_01,compactall,compactall,compaction_wall_sum,0.024063,rocksdb.compaction.times.micros,24063.0,1,8,32,4,input_4sst,1024,16,32,5,1,1,32264,33554432,5,33916944,33974997,1,4.0,4,0.024063,0.023401,0.0,0.008645603,0.0,35.92903212400781,64.07096787599218,97.24888833478785,33916944.0,33909362.0,32264.0,32261.0,32263.876923076925,33554560.0,33551440.0,1344.2097154880548,1343.909222670576,1329.8475697258239,1329.8424967792876,2688.1189381586305,1340813.6973777167,1340689.0246436438,1340808.582598883,2681502.7220213604,1.3408136973777167,1.3406890246436438,1.340808582598883,2.6815027220213605,0.0,0.0,0.0,0.0,0.0,0.0,0.0,0.0,0.0,0.0,0.0,0.0,0.0,0.0,computation
/home/1755_project/invalidation-aware-caching/presentation_figures/compaction_parallelism/final-speedup-cpu-8mb-sst_4sst/sst_8MB/input_4sst/value_1024/subcomp_32/repeat_02,compactall,compactall,compaction_wall_sum,0.025514,rocksdb.compaction.times.micros,25514.0,1,8,32,4,input_4sst,1024,16,32,5,2,1,32264,33554432,5,33916944,33974997,1,4.0,4,0.025514,0.024745,0.0,0.018487789,0.0,72.46135063102611,27.538649368973893,96.98596848788901,33916944.0,33909362.0,32264.0,32261.0,32263.876923076925,33554560.0,33551440.0,1267.7635174331372,1267.4801138638422,1254.218157494415,1254.2133730500902,2535.2436312969794,1264560.6333777534,1264443.05087403,1264555.809480165,2529003.6842517834,1.2645606333777535,1.26444305087403,1.264555809480165,2.5290036842517836,0.0,0.0,0.0,0.0,0.0,0.0,0.0,0.0,0.0,0.0,0.0,0.0,0.0,0.0,write
/home/1755_project/invalidation-aware-caching/presentation_figures/compaction_parallelism/final-speedup-cpu-8mb-sst_4sst/sst_8MB/input_4sst/value_1024/subcomp_32/repeat_03,compactall,compactall,compaction_wall_sum,0.026372,rocksdb.compaction.times.micros,26372.0,1,8,32,4,input_4sst,1024,16,32,5,3,1,32264,33554432,5,33916944,33974997,1,4.0,4,0.026372,0.028225,0.0,0.009322876,0.0,35.351418170787205,64.64858182921279,107.02639162748369,33916944.0,33909362.0,32264.0,32261.0,32263.876923076925,33554560.0,33551440.0,1226.517457295202,1226.243274121116,1213.4127889546678,1213.4081601698772,2452.760731416318,1223418.7774912787,1223305.0204762628,1223414.1105368165,2446723.7979675415,1.2234187774912788,1.2233050204762628,1.2234141105368166,2.4467237979675414,0.0,0.0,0.0,0.0,0.0,0.0,0.0,0.0,0.0,0.0,0.0,0.0,0.0,0.0,computation
/home/1755_project/invalidation-aware-caching/presentation_figures/compaction_parallelism/final-speedup-cpu-8mb-sst_4sst/sst_8MB/input_4sst/value_1024/subcomp_32/repeat_04,compactall,compactall,compaction_wall_sum,0.030122,rocksdb.compaction.times.micros,30122.0,1,8,32,4,input_4sst,1024,16,32,5,4,1,32264,33554432,5,33916944,33974997,1,4.0,4,0.030122,0.053378,0.0,0.009855009,0.0,32.71698094416041,67.28301905583959,177.20602881614766,33916944.0,33909362.0,32264.0,32261.0,32263.876923076925,33554560.0,33551440.0,1073.8237296258237,1073.5836805365536,1062.3505102686574,1062.34645773853,2147.4074101623773,1071110.8160148729,1071011.2210344598,1071106.7300669586,2142122.0370493326,1.0711108160148728,1.0710112210344598,1.0711067300669586,2.1421220370493326,0.0,0.0,0.0,0.0,0.0,0.0,0.0,0.0,0.0,0.0,0.0,0.0,0.0,0.0,computation
/home/1755_project/invalidation-aware-caching/presentation_figures/compaction_parallelism/final-speedup-cpu-8mb-sst_4sst/sst_8MB/input_4sst/value_1024/subcomp_32/repeat_05,compactall,compactall,compaction_wall_sum,0.022508,rocksdb.compaction.times.micros,22508.0,1,8,32,4,input_4sst,1024,16,32,5,5,1,32264,33554432,5,33916944,33974997,1,4.0,4,0.022508,0.022115,0.0,0.00861632,0.0,38.281144481961974,61.718855518038026,98.25395414963567,33916944.0,33909362.0,32264.0,32261.0,32263.876923076925,33554560.0,33551440.0,1437.0765231823823,1436.755270353744,1421.7221463618491,1421.7167229429535,2873.8317935361265,1433445.885907233,1433312.599964457,1433440.417765991,2866758.48587169,1.433445885907233,1.4333125999644571,1.433440417765991,2.86675848587169,0.0,0.0,0.0,0.0,0.0,0.0,0.0,0.0,0.0,0.0,0.0,0.0,0.0,0.0,computation
